id,y_pred
6418,2
7952,2
9363,2
9466,2
9551,2
10280,2
13646,2
17122,2
28907,2
39994,2
44664,2
44703,2
45766,2
65879,2
72958,2
172562,2
268186,2
312601,2
332928,2
344903,2
362808,2
401547,2
464474,2
549558,2
549581,2
692149,2
705092,2
724580,2
725203,2
886996,2
992596,2
1050841,2
1052068,2
1061125,2
1061971,2
1119474,2
1153751,2
1154526,2
1255910,2
1314835,2
1315478,2
1315771,2
1342246,2
1347516,2
1351021,2
1456687,2
1605113,2
1744093,2
1787201,2
1813316,2
1813992,2
1852545,2
1854409,2
1857358,2
1859446,2
1865993,2
1876620,2
1876630,2
1877747,2
1879066,2
1879697,2
1880111,2
1981616,2
1982287,2
2000606,2
2067049,2
2089013,2
2106136,2
2144054,2
2149874,2
2191929,2
2206944,2
2218496,2
2218993,2
2226590,2
2226591,2
2232003,2
2234847,2
2244527,2
2256959,2
2263486,2
2291756,2
2304764,2
2307236,2
2307242,2
2312675,2
2315358,2
2317702,2
2346844,2
2346845,2
2364754,2
2376671,1
2393072,2
2462027,2
2594742,2
2692055,2
2800428,2
3000362,2
3096027,2
3098169,2
3104636,2
3118335,2
3133285,2
3141442,2
3182916,2
3233255,2
3257779,2
3258340,2
3275110,2
3283565,2
3286488,2
3286491,2
3286498,2
3287171,2
3287365,2
3287369,2
3287416,2
3287421,2
3287458,2
3287759,2
3289046,2
3289053,2
3289906,2
3289917,2
3295484,2
3295486,2
3295790,2
3295794,2
3295818,2
3295820,2
3298231,2
3300841,2
3302061,2
3302092,2
3302197,2
3302295,2
3304432,2
3304928,2
3306258,2
3307178,2
3307215,2
3309701,2
3311004,2
3311901,2
3311935,2
3313433,2
3313464,2
3315431,2
3315496,2
3315597,2
3315609,2
3326825,2
3331946,2
3332603,2
3335041,2
3336480,2
3340340,2
3346664,2
3346671,1
3346673,2
3352598,2
3352606,2
3352697,2
3353222,2
3362224,2
3362468,2
3369601,2
3372493,2
3374106,2
3376204,2
3378351,2
3380930,2
3381500,2
3444154,2
3459544,2
3509407,2
3510576,2
3535985,2
3536436,2
3607094,2
3622868,2
3646891,2
3678760,2
3783494,2
3814914,2
3838391,2
3905058,1
3951773,2
3983184,2
3990007,2
3993302,2
4264481,2
4264482,2
4264483,2
4298337,2
4374894,2
4450188,2
4565154,2
4590261,2
4596053,2
4596055,2
4599651,2
4604109,2
4605278,2
4605287,2
4605584,2
4607636,2
4607644,2
4608163,2
4608182,2
4609450,2
4611382,2
4620483,2
4620647,2
4621507,2
4625282,2
4632949,2
4639341,2
4639938,2
4640571,2
4642101,2
4642650,2
4643617,2
4644028,2
4644934,2
4645539,2
4646009,2
4653923,2
4654573,2
4656370,2
4669579,2
4677904,2
4688155,2
4692401,2
4705214,2
4707038,2
4711725,2
4757290,2
4774203,2
4774648,2
4781655,2
4800310,2
4802034,2
4827342,2
4893369,2
4913828,2
4992641,2
4999191,2
5003060,2
5275627,2
5313367,2
5427127,2
5578471,2
5581060,2
5663491,2
5687299,2
5714238,2
5734936,2
5836681,2
5923264,2
5928715,2
5944784,2
6060482,2
6076330,2
6113865,2
6127258,2
6135217,2
6146862,2
6201592,2
6242498,2
6244017,2
6244808,2
6245395,1
6266706,2
6368275,2
6391693,2
6417015,2
6544887,2
6565130,2
6629462,2
6727794,2
6763282,2
6851025,2
6885282,2
6975200,2
6978672,2
6978676,2
6978680,2
6979659,2
7007638,2
7015277,2
7061206,2
7071482,2
7134700,2
7208069,2
7218008,2
7218938,2
7251952,2
7262578,2
7291548,2
7292993,2
7385878,2
7404129,2
7462686,2
7491822,2
7491830,2
7573937,2
7586795,2
7590514,2
7592815,2
7597019,2
7658107,2
7794370,2
7834222,2
7846920,2
7877502,2
7917625,2
7951563,2
7951587,2
7952088,2
7952092,2
7965704,2
7971077,2
7981490,2
7984087,2
7984089,2
7988208,2
8005107,2
8127357,2
8149444,2
8159507,2
8395924,2
8823943,2
8893820,2
8894834,2
8908091,2
8930897,2
8993505,2
9010915,2
9012982,2
9014737,2
9015009,2
9015011,2
9058320,2
9156373,2
9256309,2
9259579,2
9273158,2
9291658,2
9330487,2
9330904,2
9335136,2
9351402,2
9354066,2
9358440,2
9362117,2
9387922,2
9387930,2
9389902,2
9389913,2
9394161,2
9426022,2
9448195,2
9448579,2
9456040,2
9461936,2
9463289,2
9472640,2
9500747,2
9534486,2
9539257,2
9550052,2
9580797,1
9629830,2
9709745,2
9822768,2
9829411,2
9833495,2
9947672,2
9959617,2
9995263,2
10001510,2
10035715,2
10174843,2
10174934,2
10177639,2
10178973,2
10270505,2
10333291,2
10403056,2
10501149,2
10619588,2
10711115,2
10773258,2
10835543,2
10846099,2
10910190,2
10942226,2
10944863,2
11057227,2
11102652,2
11106276,2
11156016,2
11193869,2
11320206,2
11387794,2
11494449,2
11561989,2
11566029,2
11566998,2
11567489,2
11567844,2
11568832,2
11568841,2
11569447,2
11569771,2
11570254,2
11570439,2
11575625,2
11575639,2
11576040,2
11576071,2
11579855,2
11579906,2
11579970,2
11586864,2
11587238,2
11587239,2
11604903,2
11617562,2
11624795,2
11698664,2
11735899,2
11750730,2
11866994,2
11933160,2
12061834,2
12061835,1
12061836,2
12062164,2
12062166,2
12066494,2
12067271,2
12067399,2
12077122,2
12102720,2
12172125,2
12284459,2
12299920,2
12401126,2
12526269,2
12649359,2
12655979,2
12660521,2
12660562,2
12660569,2
12660686,2
12661060,1
12661066,1
12661075,2
12661079,2
12661081,2
12661088,2
12661090,1
12661197,1
12661223,1
12661226,1
12661305,1
12661353,2
12661360,1
12661384,1
12661656,1
12661812,1
12662223,1
12662264,1
12662269,2
12662305,1
12662327,1
12662336,1
12662545,1
12662607,1
12662937,1
12662969,2
12663023,1
12663564,2
12663782,1
12663785,2
12663816,2
12663820,2
12664247,2
12664249,1
12664310,2
12664370,1
12664435,2
12664483,2
12665008,2
12665053,2
12665070,2
12665079,2
12665084,2
12665085,2
12665092,2
12665096,2
12665102,2
12665109,2
12665116,2
12665120,2
12665121,2
12665137,2
12665139,2
12665141,2
12665239,2
12666158,1
12666348,2
12666420,1
12667003,2
12667009,2
12667014,2
12667587,2
12667813,2
12668872,2
12668877,2
12668878,2
12672146,2
12672200,2
12672535,2
12672817,2
12672854,2
12672859,2
12672860,2
12673136,2
12674090,2
12675145,2
12675153,2
12676236,2
12676355,2
12676677,2
12677058,2
12677107,2
12677115,2
12677126,2
12677199,2
12677208,2
12677425,2
12677438,2
12677477,2
12677516,2
12677556,2
12678083,2
12678089,2
12678093,2
12678295,2
12678303,2
12678438,2
12678444,2
12678509,2
12678651,2
12679222,2
12679238,2
12679250,2
12679472,2
12680258,2
12682010,2
12683134,2
12683566,2
12683568,2
12683573,2
12683574,2
12683575,2
12683689,2
12683696,2
12683760,2
12683771,2
12683864,2
12683921,2
12684002,2
12684008,2
12684127,2
12684255,2
12684816,2
12685250,2
12685641,2
12685812,2
12685822,2
12685855,2
12686376,2
12686811,2
12686823,2
12686885,2
12687037,2
12687951,2
12688410,2
12688530,2
12688669,2
12688678,2
12688733,2
12688758,2
12689232,2
12689252,2
12689615,2
12689991,2
12690034,1
12690040,1
12690201,2
12691078,2
12691111,2
12692697,2
12692727,2
12694404,2
12694629,2
12695480,2
12696075,2
12696109,2
12699200,2
12701847,2
12702064,2
12703967,1
12705568,2
12705634,2
12705766,2
12709005,2
12709011,2
12709018,2
12709962,2
12711626,2
12713111,2
12713303,2
12776839,1
12776854,2
12776875,1
12777192,2
12777205,1
12777209,1
12777291,2
12777292,2
12777328,2
12777720,1
12778411,2
12778423,2
12778427,2
12778447,2
12778479,1
12778488,2
12778492,1
12778505,2
12778510,1
12778524,1
12778533,1
12778573,2
12778668,1
12778745,1
12778754,1
12778760,1
12779316,2
12779380,1
12779384,2
12779397,2
12779542,2
12779550,1
12779611,2
12779622,1
12779661,1
12779937,1
12779969,1
12779996,1
12780013,2
12780031,2
12780036,1
12780047,2
12780122,1
12780125,1
12780133,2
12780176,2
12780216,2
12780252,1
12780327,1
12780332,2
12780335,2
12780339,2
12780343,2
12780345,2
12780368,1
12780376,1
12780436,1
12780444,2
12780483,1
12780496,2
12780602,2
12780604,2
12780618,2
12780647,2
12780664,2
12780665,2
12780702,2
12780715,2
12780717,1
12781030,2
12781679,2
12781680,2
12781712,2
12781713,2
12781731,2
12781760,2
12781783,2
12781845,2
12782051,1
12782435,1
12782462,2
12782835,2
12783910,2
12784805,2
12785603,2
12785621,2
12785627,2
12786151,2
12786498,2
12786880,2
12786886,2
12786892,2
12786944,2
12786950,2
12787231,2
12787687,2
12787874,2
12787949,2
12787951,2
12788021,2
12788192,2
12788223,2
12788383,2
12788418,2
12788449,2
12788522,2
12788854,2
12788890,2
12789351,2
12789376,2
12790636,2
12791305,2
12791620,2
12791622,2
12791630,2
12791670,2
12791925,2
12792292,2
12792344,2
12792799,2
12792832,2
12793271,2
12793277,2
12794041,2
12794203,2
12794359,2
12794507,2
12795391,1
12795837,2
12795923,2
12797685,2
12797689,2
12798723,2
12798747,2
12798757,2
12798772,2
12799167,2
12800106,2
12800953,2
12801242,2
12801563,2
12801567,2
12801779,2
12802086,2
12802118,2
12803302,2
12803308,2
12803321,2
12803329,2
12803597,2
12804287,2
12804295,2
12804355,2
12804393,2
12804394,2
12805564,2
12805689,2
12805710,2
12806127,2
12806147,2
12806175,2
12806178,2
12806181,2
12806510,2
12806511,2
12806516,2
12806614,2
12806653,2
12806657,2
12806658,2
12806663,2
12806667,2
12806677,2
12806701,2
12806708,2
12806717,2
12806718,2
12806720,2
12806746,2
12807023,2
12807026,2
12807027,2
12807038,2
12807048,2
12807191,2
12808041,2
12808647,2
12810084,2
12810836,2
12810837,2
12810838,2
12811004,2
12811298,2
12811802,2
12812389,2
12813119,2
12813420,2
12814076,2
12814581,2
12819840,2
12821134,2
12823981,2
12825135,2
12829371,1
12829644,1
12829702,1
12829709,1
12830001,1
12830002,1
12830011,1
12830017,1
12830020,1
12830021,1
12830057,1
12830061,1
12830069,1
12830383,2
12830385,1
12830801,1
12912741,2
12972869,2
12976982,2
12977369,2
12978123,2
12978252,2
12978622,2
12979084,2
12979124,2
12979253,2
12979325,2
12980315,2
12980388,2
12980465,2
12980533,2
12980609,2
12981435,2
12981985,2
12982085,2
12982338,2
12982603,2
12984017,2
12984797,2
12984892,2
12987068,2
12987200,2
12990632,2
12992332,2
12998526,1
12998527,1
12999576,2
13024915,2
13029248,2
13031317,2
13031319,2
13035448,2
13035877,2
13036330,2
13036357,2
13089146,2
13150785,2
13161496,1
13168555,2
13186666,2
13205600,2
13207839,2
13210404,2
13211070,2
13216778,2
13216886,2
13217563,2
13218603,2
13219218,2
13219548,2
13219809,2
13221279,2
13222199,2
13223140,2
13226207,2
13226239,2
13226747,2
13227819,2
13227997,2
13238065,2
13242793,2
13251558,2
13251586,2
13251835,2
13252256,2
13252285,2
13252389,2
13252401,2
13252436,2
13252812,2
13253160,2
13254276,2
13256087,2
13256365,2
13264701,2
13264777,2
13266589,2
13266655,2
13266690,2
13266725,2
13266736,2
13267225,2
13267246,2
13268562,2
13268568,2
13268760,2
13269003,2
13277208,2
13279830,2
13279837,2
13279849,2
13279862,2
13279865,2
13279878,1
13279883,2
13279896,2
13279899,2
13279932,2
13279944,2
13280701,2
13284323,2
13309176,2
13333059,2
13339218,2
13348260,2
13354030,2
13356981,2
13361176,2
13361495,2
13363661,2
13363680,2
13364789,2
13364810,2
13365201,2
13366051,2
13366609,2
13367066,2
13367078,2
13367108,2
13368096,2
13368582,2
13368647,2
13370027,2
13372008,2
13373158,2
13373792,2
13373801,2
13375264,2
13378698,2
13380545,2
13380558,2
13384789,2
13386671,2
13387369,2
13388747,2
13396508,2
13401786,2
13401794,2
13401807,2
13402051,2
13402057,2
13402063,2
13402068,2
13402073,2
13402146,2
13402149,2
13402155,2
13403010,2
13404700,2
13405589,2
13405591,2
13407465,2
13409524,2
13410860,2
13410863,2
13410866,2
13411078,2
13411566,1
13411574,1
13413503,2
13413509,2
13413513,2
13413518,1
13413524,1
13413534,1
13413541,2
13413553,2
13413558,2
13413579,1
13413630,2
13413673,2
13413872,2
13418762,2
13418781,2
13418804,2
13418808,2
13418824,2
13418870,2
13418935,2
13418978,2
13419522,2
13420201,2
13420206,2
13420431,2
13425163,2
13425193,2
13425690,2
13425879,2
13426232,2
13426677,2
13431195,2
13431907,2
13431994,2
13432090,2
13439827,2
13472060,2
13581987,2
13582032,2
13582047,2
13582264,2
13582276,2
13582316,2
13582972,2
13585060,2
13593543,2
13598193,2
13599617,2
13602359,2
13602643,2
13602646,2
13602655,2
13623410,2
13626812,2
13627122,2
13627279,2
13627324,2
13636442,2
13676664,2
13678523,2
13679280,2
13735016,2
13739107,2
13756924,2
13848837,2
13880880,2
13901314,2
13906899,1
13908024,2
13983579,2
14051227,2
14101385,2
14110544,2
14112275,2
14141562,2
14182114,2
14193907,2
14350591,2
14476823,2
14487702,2
14511457,2
14585134,2
14636404,2
14636407,2
14737240,2
14782227,2
14803706,2
14949804,2
14950377,2
14950644,2
14952222,2
14972558,2
14993946,2
15026863,2
15101691,2
15122642,2
15153222,2
15158070,2
15341623,2
15404309,2
15456696,2
15486701,2
15587899,2
15588282,2
15601507,2
15629037,2
15667547,2
15689800,2
15818749,2
15984364,2
16056481,2
16132110,2
16288983,2
16294668,2
16303980,2
16304794,2
16441436,2
16478142,2
16713135,2
16713136,2
16713740,2
16798077,2
16820321,2
16838611,2
16913271,2
16915265,2
16916513,2
16993937,2
17290276,2
17294880,2
17345754,2
17439885,2
17753526,2
17794012,2
17887663,2
17932049,2
17996561,2
17996606,2
17997502,2
18018237,2
18018335,2
18056041,2
18245985,2
18282809,2
18289552,2
18432712,2
19097439,2
19129652,2
19210463,2
19254321,2
19270209,2
19333117,2
19357391,2
19497952,2
19501341,2
19502691,2
19544326,2
19559683,2
19670253,2
19675050,2
19801917,2
19862275,2
19862566,2
19990058,2
20006516,2
20050561,2
20108068,2
20194738,1
20194762,1
20219860,2
20245713,2
20258334,2
20573536,2
20573777,2
21456350,2
21494739,2
21677972,1
21677974,1
21727261,2
21785855,2
21811538,2
21852040,2
21911936,2
21937120,2
21940716,2
21961961,2
22021840,2
22063303,2
22075593,2
22075800,2
22111383,2
22203381,2
22204803,2
22283488,2
22314581,2
22544783,2
22583076,2
22776993,2
22845448,2
23065358,2
23229087,2
23308178,2
23344692,2
23477169,2
23490117,2
23592023,2
23633693,2
24092310,2
24106832,2
24107324,2
24107716,2
24108173,2
24108824,2
24118138,2
24339154,2
24640314,2
24663119,2
25023305,2
25101142,2
25234455,2
25235188,2
25244255,2
25456425,2
25634495,2
25820894,2
25881241,2
26047332,2
26115433,2
26118294,2
26151176,2
26229388,2
26240495,2
26255407,1
26274328,2
26329248,2
26345903,2
26352334,2
26386420,2
26394081,2
26424364,2
26483212,2
26484117,2
26515239,2
26551908,2
26561062,2
26714642,2
26743269,2
26936052,2
27031253,2
27061572,2
27085149,2
27282455,2
27331982,2
27365482,2
27496465,2
27529059,2
27542773,2
27544977,2
27558167,2
27558169,2
27558306,2
27558494,2
27575460,2
27655201,2
27862024,2
27896017,2
27950078,2
27973222,2
28041676,2
28201734,2
28203115,2
28228835,2
28229177,2
28229545,2
28244967,2
28476932,2
28488738,2
28594082,2
28603448,2
28669491,2
28809387,2
28845506,2
28862543,2
28865573,2
28877539,2
28878820,2
28879339,2
28883075,2
28890210,2
28895712,2
28898351,2
28898970,2
28900174,2
28900605,2
28902538,2
28903935,2
28907492,2
28910148,2
28910748,2
28910883,2
28913542,2
28951670,2
28953279,1
28961012,2
28991126,2
28997148,1
28998355,2
29000647,2
29035758,2
29038601,2
29039759,2
29065203,2
29079220,2
29123695,2
29132309,2
29132572,2
29132574,2
29132576,2
29132578,2
29132580,2
29133201,2
29133205,1
29133218,1
29147342,2
29148599,2
29153607,2
29154944,2
29157617,2
29157703,2
29158039,2
29158821,2
29158822,2
29158824,2
29159333,2
29159676,2
29161611,1
29192598,2
29197703,2
29198328,2
29198339,2
29200752,2
29200754,2
29200761,2
29201120,2
29201671,2
29201784,2
29202270,2
29202274,2
29202276,2
29207925,2
29210136,2
29211497,2
29211516,2
29216827,2
29222639,2
29223839,2
29224329,2
29225466,2
29230449,2
29232119,2
29232206,2
29232380,2
29234681,2
29234700,2
29235826,2
29236627,2
29237265,2
29238214,2
29238776,2
29239488,2
29239525,2
29239643,2
29240276,2
29250236,2
29251196,2
29262533,2
29263104,2
29264993,2
29265718,2
29300677,1
29303151,2
29359565,2
29392235,2
29454726,2
29484596,2
29491994,2
29499895,2
29501882,2
29509489,2
29525354,2
29531000,2
29531724,2
29532367,2
29537395,2
29541260,2
29543162,2
29568489,2
29569841,2
29571342,2
29576091,2
29577804,2
29578030,2
29578035,2
29579043,2
29581775,1
29607229,2
29611862,1
29613853,2
29614073,2
29615095,1
29617354,2
29617384,2
29621967,2
29626166,2
29642182,2
29646430,2
29650728,2
29653130,2
29703116,2
29708059,2
29752841,2
29754622,2
29850440,2
29851856,2
29854235,2
29866188,2
29868010,2
29869285,2
29925279,2
29945232,2
29962122,1
29991566,2
29999304,2
30002374,2
30002389,2
30002391,2
30002397,2
30003202,2
30003766,2
30060590,2
30060601,1
30060606,2
30061037,2
30061066,2
30061071,2
30068694,2
30072090,2
30072104,2
30075078,2
30082772,2
30084029,2
30085664,2
30088118,2
30088616,2
30089221,2
30094922,2
30095211,2
30095697,2
30115034,2
30115063,2
30120627,2
30126876,2
30152597,2
30158167,2
30166073,2
30166084,2
30166094,2
30166109,2
30166724,2
30166731,2
30166744,2
30167458,2
30167470,2
30171477,2
30172054,2
30172105,2
30172114,2
30173550,2
30179316,1
30191354,2
30204549,1
30204891,2
30341039,2
30442365,2
30461668,2
30526323,2
30585806,1
30585811,1
30585812,1
30589350,2
30589352,2
30659979,2
30699343,2
30700346,2
30700348,2
30712080,2
30720340,2
30755419,2
30799508,2
30820604,2
30836183,2
30839686,2
30840634,2
30897741,2
30918912,2
30938661,2
30971775,2
30998360,2
31000876,2
31086091,2
31139903,2
31156994,2
31168385,1
31240896,2
31308955,2
31319565,1
31319567,1
31319568,1
31379458,2
31379782,2
31406282,2
31409359,2
31413233,2
31557301,2
31580372,2
31580387,2
31614040,2
31646401,2
31730726,2
31769818,2
31779594,2
31837161,2
31838835,2
31859229,2
32025116,2
32054179,2
32075968,2
32228844,2
32230092,2
32252086,2
32469094,2
32498112,1
32498113,1
32915977,2
32998848,2
33056743,2
33295931,2
33353684,2
33446037,2
33596051,2
33643200,2
33678975,2
33688530,2
33688852,2
33843382,2
33885859,2
33888861,2
34119607,2
34242428,2
34265456,2
34331034,2
34335946,2
34339939,2
34410435,2
34500205,2
34514900,2
34535373,2
34535382,2
34565586,2
34579078,2
34584290,2
34649858,2
34662595,2
34717366,2
34751094,2
34758937,2
34763699,2
34890565,2
34907021,2
35018122,2
35145056,2
35201427,2
35201437,2
35423135,2
35598976,2
35621005,2
35628304,2
35654921,2
35776348,2
35776357,2
35793819,2
35933803,2
35960886,2
36338162,2
36544488,2
36686206,2
36709781,2
36717437,2
36725599,2
36729550,2
36742734,1
36786002,2
36838022,2
36864715,2
36882666,2
36901000,2
36910464,2
36932721,2
36942064,2
37291743,2
37292015,2
37366569,2
37520166,2
37530007,2
37548797,2
38054506,2
38072014,2
38107881,2
38182292,2
38200326,2
38342253,2
38365030,2
38365693,2
38369663,1
38370042,1
38374234,2
38374920,2
38374963,1
38375016,2
38391951,1
38396555,2
38473129,2
38473149,2
38473514,2
38482748,2
38484120,2
38570057,2
38570712,2
38615823,2
38731910,2
38791763,2
38821430,2
38859272,2
38861661,2
38876099,2
38881714,2
38882277,2
38882290,2
38886817,2
39010623,2
39015472,2
39015483,2
39139477,2
39146480,1
39220656,2
39377905,2
39389635,2
39429114,2
39457631,2
39634992,1
39645446,2
39660882,2
39661038,2
39662693,2
39673149,2
39676134,2
39676162,2
39676971,1
39680719,2
39684200,1
39686670,2
39686681,2
39687411,1
39692773,2
39693929,2
39700148,2
39724214,1
39728377,1
39747107,1
39766837,2
39877439,2
39957418,2
39997296,2
40151889,2
40190602,2
40201044,2
40304221,2
40344642,2
40387777,2
40441436,1
40441445,1
40467476,1
40467477,1
40467480,1
40467486,1
40467487,1
40467495,1
40467500,1
40467520,1
40467521,1
40505604,2
40619612,2
40709181,2
40734618,2
40813849,2
40853357,2
41070604,2
41124600,2
41211720,2
41261572,1
41319424,2
41342269,2
41402314,2
41447158,2
41570941,2
41642834,2
41847079,2
41927883,2
42071940,2
42079740,2
42303725,2
42348879,2
42516065,2
42785015,2
42874117,2
43081036,2
43103633,2
43153369,2
43160006,2
43161721,2
43351875,2
43438823,2
43519779,2
43649029,2
43662693,2
43746762,2
43788807,2
43840946,2
43845271,2
43881377,2
43998636,2
44118784,2
44348901,2
44517537,2
44562478,2
44562982,2
44570397,2
44595504,2
44674211,2
45002057,2
45031995,2
45350873,1
45367289,2
45430166,2
45431903,2
45432747,2
45482328,2
45521358,2
45762362,2
45768270,2
45809670,2
45956936,2
46070912,2
46116600,2
46162256,2
46201285,2
46244487,2
46264848,2
46319000,2
46325611,2
46328058,2
46329512,2
46329514,2
46403128,2
46544927,2
46544950,2
46746122,2
46848276,2
46893559,2
46911141,2
46950741,2
46950744,2
47049999,2
47050542,2
47066538,2
47201034,2
47224248,1
47224250,1
47227022,2
47253767,2
47343604,2
47367360,2
47570116,2
47590952,1
47622350,2
47667791,2
47683327,2
47777535,2
47792655,2
47792658,2
47930947,2
47987875,2
47994516,2
48010230,2
48051399,2
48259567,2
48342473,2
48473207,2
48536569,2
48593138,2
48670415,2
48742524,2
48838141,2
48941569,2
48996896,2
48996911,2
48996912,2
49107501,2
49146255,2
49177809,2
49315950,2
49358314,2
49375401,2
49381958,2
49420740,2
49496202,2
49502819,2
49505954,2
49506981,2
49508518,2
49692276,2
49751560,2
49909269,2
49940238,2
50009130,2
50257327,2
50287049,2
50299005,2
50322472,2
50405501,2
50429923,2
50510807,2
50510808,2
50543318,2
50926361,2
50980775,2
51049869,2
51085248,2
51113675,2
51113964,2
51481472,2
51780793,2
51851681,2
51871690,2
52056969,2
52084569,2
52178783,2
52293551,2
52311679,2
52597830,2
52631434,2
52931275,2
53353907,2
53406347,2
53424985,2
53550780,2
53680335,2
53714703,2
53777687,2
53779745,2
53779911,2
53784210,2
53797073,2
53845870,2
53862689,2
53869774,2
53880956,2
53883877,2
54196172,2
54305138,2
54317371,2
54546688,2
54704081,2
54704852,2
54708123,2
54708178,2
54708965,2
54712143,2
54712545,2
54714812,2
54715153,2
54715156,2
54716457,2
54716899,2
54717251,2
54717534,2
54717633,2
54718612,2
54719550,2
54720900,2
54723872,2
54723880,2
54723899,2
54723920,2
54723924,2
54723938,2
54724510,2
54724523,2
54725927,2
54726861,2
54731802,2
54731809,2
54732625,2
54732631,2
54733451,2
54733759,2
54733761,2
54733777,2
54734399,2
54734409,2
54735821,2
54749029,2
54749458,2
54750086,2
54751040,2
54751144,2
54752635,2
54753040,2
54754128,2
54759799,1
54760551,1
54762847,2
54764333,2
54767813,2
54768399,2
54768400,2
54768598,2
54768608,1
54768930,1
54768933,1
54769375,1
54769378,2
54769382,2
54769388,2
54769823,2
54770028,2
54771037,1
54771152,1
54774042,2
54777309,2
54777694,2
54777895,2
54779337,2
54785837,1
54788931,1
54789177,2
54790821,2
54790859,2
54791816,2
54793796,2
54795008,2
54795283,2
54796364,2
54796612,2
54798281,2
54803131,2
54803350,2
54803353,2
54804228,2
54804347,2
54804627,2
54804748,2
54805075,2
54805580,2
54807174,2
54808415,2
54808439,2
54809575,2
54810844,2
54810851,2
54810858,2
54810885,2
54811283,2
54812037,2
54812078,2
54812297,2
54813370,2
54814380,2
54818110,2
54821175,2
54821855,2
54824800,2
54826016,2
54826507,2
54826806,2
54826814,2
54828183,2
54829893,2
54831151,2
54831431,2
54831581,2
54832126,2
54832573,2
54833461,2
54833710,2
54836178,2
54836677,2
54837256,2
54838144,2
54838172,2
54838218,2
54839841,2
54840054,2
54841397,2
54844256,2
54847270,2
54848711,2
54849148,2
54851334,2
54853134,2
54853508,2
54854333,2
54855612,2
54855813,2
54856328,2
54857201,2
54859933,2
54861756,2
54862521,2
54865207,2
54866474,2
54868919,2
54869389,2
54871606,2
54872531,2
54872625,1
54878850,2
54878851,1
54878901,2
54878909,2
54879764,2
54879906,2
54879907,1
54885834,2
54886124,2
54886129,2
54886134,2
54887066,2
54887344,2
54896405,2
54906193,2
54912139,1
54912141,1
54912983,2
54913453,2
54913455,2
54915900,2
54918774,2
54930421,2
54948165,2
54965024,2
54965309,2
55000576,2
55106947,2
55111562,1
55118035,2
55118487,2
55121160,2
55121162,2
55137075,2
55182518,2
55214893,2
55246758,2
55258302,2
55274937,2
55274950,2
55275135,2
55607420,2
55661554,2
55678053,2
55690201,2
55698383,2
55732951,2
55734286,2
55735923,2
55768753,2
55777865,2
55797479,2
55850467,2
55872688,2
55903635,2
55903932,2
55904589,2
55928256,2
55928261,2
55939055,2
55969540,2
55981433,2
55987783,2
55989254,2
55999645,2
56001686,2
56001916,2
56004984,1
56032497,2
56038001,2
56048884,2
56092515,1
56110829,2
56110851,1
56113863,2
56113868,2
56114940,2
56117902,2
56117903,2
56120733,2
56127938,2
56128690,2
56131331,2
56147299,2
56215656,2
56215674,2
56234683,2
56240836,2
56242196,1
56278048,2
56278480,2
56280192,2
56287995,2
56301128,2
56323413,2
56332416,2
56333891,2
56337133,2
56352710,2
56383979,2
56395468,2
56614050,2
56693174,2
56707264,2
56783023,2
56784750,2
56784754,2
56787106,2
56859447,2
56979223,2
57014736,2
57017238,1
57024278,2
57074191,2
57095769,2
57228978,2
57342656,2
57342969,2
57345944,2
57741388,2
57836170,2
58031903,2
58738358,2
58866785,2
58975531,2
59026069,2
59080978,2
59090978,2
59205071,2
59322728,2
59374847,2
59374849,2
59376666,2
59376668,2
59503198,2
59614985,2
59650535,2
59724632,2
59724634,2
59760533,2
59857852,2
59998756,2
60277582,2
60329468,2
60368512,2
60428676,2
60513732,2
60514648,2
60598126,2
60617667,2
60673519,2
60710228,2
60768955,2
60792816,2
60926373,2
60980911,2
61031389,2
61189627,2
61317530,2
61697431,2
61809700,2
61829955,2
62023289,2
62035059,2
62131751,2
62181130,2
62182419,2
62237620,2
62237626,2
62240911,2
62241682,2
62243389,2
62243731,2
62257079,2
62264967,2
62264968,2
62302746,2
62337431,2
62458720,2
62465661,2
62595001,2
62595452,2
62599108,2
62601402,1
62601403,2
62668414,2
62722471,2
62752980,2
62852272,2
62852492,2
62853032,2
62853047,2
62898276,2
63018297,2
63071445,2
63082185,2
63254396,2
63276814,2
63315682,2
63352329,2
63489982,2
63848074,2
63860808,2
64069335,2
64114945,2
64166774,2
64174053,2
64183303,2
64188232,2
64194350,2
64198359,2
64199616,2
64208517,2
64220417,2
64346631,2
64364849,2
64472772,1
64495168,2
64523668,2
64868201,2
64879505,2
65233753,2
65255986,2
65406297,2
65496453,2
65496695,2
65555132,2
65694686,2
65838245,2
65845951,2
66158250,2
66411922,2
66418610,2
66419090,2
66419091,2
66420365,2
66420538,2
66420571,2
66420576,2
66420588,2
66420805,2
66420812,2
66420815,2
66420987,2
66421754,2
66421930,2
66421987,2
66422101,2
66422104,2
66422110,2
66422371,2
66422866,2
66422868,2
66423013,2
66423022,2
66423059,2
66423232,2
66423833,2
66424105,2
66424503,2
66425212,2
66426611,2
66427463,2
66427513,2
66427664,2
66427930,2
66428401,2
66428911,2
66428942,2
66429167,2
66429650,2
66429923,2
66430527,2
66430704,2
66432746,2
66437606,2
66437630,2
66437997,2
66438003,2
66438008,2
66438035,2
66438045,2
66438047,2
66438048,2
66438255,2
66438398,2
66439429,2
66440734,2
66440913,2
66441566,2
66447754,2
66447967,2
66448112,2
66464301,2
66474773,2
66520942,2
66522249,2
66522453,2
66609309,2
66750274,2
66754395,2
66789172,2
66990867,2
67005848,2
67014644,2
67160405,2
67160406,2
67160407,2
67195920,2
67196725,2
67270653,2
67319243,2
67341780,2
67390627,2
67424137,2
67434053,2
67457597,2
67548722,2
67555648,2
67556667,2
67556907,2
67557168,2
67557171,2
67562983,2
67562985,2
67562986,2
67563833,2
67565988,2
67572549,2
67572666,2
67572674,1
67573113,1
67575027,2
67575780,1
67575835,1
67575965,2
67576294,2
67576304,1
67576436,1
67576439,2
67582896,1
67583000,2
67584861,1
67584867,1
67585644,1
67585727,1
67585812,1
67586063,1
67586146,2
67594169,1
67594170,2
67594178,1
67594988,1
67597090,2
67597117,1
67597811,2
67597999,2
67598007,2
67600922,1
67602987,2
67603015,1
67603016,2
67603017,1
67603018,1
67603024,1
67603033,1
67603154,1
67603155,1
67603196,1
67604001,1
67604406,2
67604409,2
67605524,2
67605758,2
67609773,2
67611213,2
67611417,2
67611432,2
67611506,2
67612036,2
67612044,2
67612507,2
67612517,2
67614430,2
67617138,2
67617347,2
67617361,2
67617547,2
67622489,2
67624013,2
67626761,2
67627706,2
67627710,2
67628055,2
67628061,2
67628074,2
67628078,2
67628079,2
67628274,2
67628277,2
67628281,2
67628407,2
67628442,2
67628472,2
67629185,2
67629541,2
67629557,2
67631240,1
67631244,2
67632075,2
67632404,2
67632590,2
67633247,2
67633486,1
67636472,2
67639053,2
67639703,2
67642643,2
67642950,2
67642959,2
67643195,2
67644958,2
67645832,2
67646035,2
67646735,2
67649169,2
67654242,2
67654371,2
67654461,2
67654470,2
67656079,1
67656601,1
67657823,1
67657844,1
67657849,1
67658971,2
67661738,1
67661739,1
67665312,2
67665318,2
67665408,1
67669432,1
67670413,2
67670415,2
67670596,1
67670706,1
67670945,1
67671212,1
67671717,1
67672890,2
67672895,1
67673076,2
67673399,1
67673928,1
67674072,1
67674079,1
67679668,2
67679673,2
67681829,2
67681867,2
67682157,1
67682556,1
67682778,1
67686377,1
67686381,2
67686748,1
67687673,1
67790675,2
67791283,2
67879137,2
67893664,2
67999086,2
68337049,2
68382061,2
68580446,2
68583113,2
68821525,2
68900424,2
68907229,2
68936051,2
68943318,1
68945302,1
68945489,2
68949585,1
68952830,1
68953714,2
68954616,1
68954996,1
68956752,1
68956910,1
68957072,1
68957502,2
68960278,2
68960287,2
68960292,2
68960298,2
68976860,1
68980397,1
68980512,1
68980597,1
68982016,1
68984781,1
68984782,2
68986317,1
68986786,1
68986876,1
68986962,2
68988025,2
68988443,1
68988797,1
68990207,1
68992395,2
68995268,1
69016574,2
69094840,2
69281981,2
69282266,2
69282548,2
69285652,2
69287954,2
69289728,2
69290304,2
69305758,2
69315004,2
69315009,2
69316086,2
69318643,1
69319474,1
69320027,1
69320862,1
69328547,2
69330912,1
69330928,2
69333842,2
69343352,1
69346273,1
69349381,2
69349487,2
69349585,2
69349836,2
69350154,1
69350544,1
69350697,2
69350704,1
69350706,2
69350929,2
69350933,2
69351072,2
69351361,1
69351415,2
69353017,1
69354395,1
69356870,2
69358730,1
69365837,2
69376681,2
69378228,2
69383394,2
69390906,2
69391326,2
69392709,2
69394343,2
69395266,2
69395378,2
69398136,2
69399511,2
69403436,2
69408781,2
69410407,1
69476252,2
69492493,2
69530166,2
69593976,1
69598358,1
69599040,2
69599046,1
69599641,2
69599893,2
69600457,2
69601696,2
69605547,2
69613506,2
69613711,2
69613971,2
69615167,2
69624433,2
69627900,2
69628846,2
69631179,2
69653120,2
69662492,2
69680070,2
69683783,2
69695707,1
69706912,2
69713600,1
69727711,2
69728473,1
69746416,1
69749908,2
69750268,2
69750289,2
69756172,1
69760671,2
69760673,2
69760684,2
69760688,2
69761373,2
69761585,2
69761602,2
69762211,2
69762213,2
69762363,2
69762368,2
69762370,2
69762379,2
69762389,2
69762396,2
69762964,2
69762969,2
69763472,2
69763489,2
69763511,2
69763679,2
69763965,2
69764186,2
69764204,2
69764211,2
69764268,2
69764721,2
69765118,2
69765192,2
69765197,2
69765199,2
69765203,2
69765312,2
69765764,2
69765772,2
69766228,2
69766440,2
69766666,2
69766783,2
69766791,2
69766801,2
69766935,2
69767012,2
69769550,2
69770247,1
69771242,2
69774121,1
69776359,2
69785371,1
69786818,2
69789201,1
69911290,2
69971244,2
69974712,2
69978242,2
69983656,2
69983675,2
69984489,2
69985783,2
69991725,2
70005176,2
70023047,1
70038410,1
70042737,1
70046262,2
70046276,1
70047034,2
70061225,2
70063174,2
70063849,2
70098166,2
70107772,2
70120032,2
70133154,2
70229149,2
70261846,2
70262115,2
70262116,2
70262121,2
70263261,2
70296899,2
70311541,2
70323435,2
70328737,2
70328738,1
70328739,1
70333393,1
70335036,1
70335041,1
70338412,2
70342585,2
70346573,2
70354122,2
70361153,1
70361267,2
70361268,1
70361269,2
70361270,1
70361272,1
70361273,1
70364893,2
70365718,1
70365720,1
70365734,1
70369931,2
70370656,1
70371756,2
70372167,2
70373989,1
70374249,1
70375748,2
70380892,2
70382513,2
70383061,2
70383876,1
70383882,1
70383900,1
70384401,1
70384537,1
70388754,1
70389553,1
70393167,2
70400566,2
70401397,2
70402171,2
70402175,2
70402309,2
70402311,2
70404602,1
70405972,1
70406447,2
70408666,1
70408671,1
70409466,1
70409573,1
70410578,1
70410625,1
70410628,2
70410630,1
70410631,1
70410888,1
70411220,2
70411516,2
70412109,2
70416184,2
70416560,2
70418770,1
70422098,2
70423756,2
70424581,1
70428323,2
70432280,2
70433726,2
70433741,2
70439318,2
70449784,2
70451888,2
70454015,2
70454023,2
70454028,2
70454320,2
70454327,2
70454394,2
70454722,2
70454916,2
70454978,2
70454997,2
70455189,2
70455492,2
70455498,2
70455803,2
70455823,2
70457288,2
70457391,2
70457732,2
70497257,2
70514861,2
70581915,2
70593771,2
70672702,2
70760439,2
70762528,2
70766136,2
70767502,2
70770310,2
70774887,2
70777472,2
70780721,2
70782670,2
70784303,2
70787113,2
70788119,2
70788132,2
70788384,2
70789667,2
70790107,2
70790532,2
70791449,1
70791700,2
70793843,2
70794158,2
70794181,2
70794859,2
70795227,2
70801059,2
70801166,2
70801372,1
70802464,2
70803595,2
70804141,2
70804747,2
70805026,2
70805415,2
70806946,2
70807168,2
70809047,2
70809206,2
70813735,2
70816180,2
70816873,2
70817010,2
70819595,2
70821619,2
70822477,2
70823507,2
70835180,2
70859287,2
70891176,2
70899975,2
70958108,2
71145869,2
71146392,2
71150530,2
71150965,2
71153565,2
71154927,2
71211332,2
71238929,2
71239258,2
71240298,2
71240322,2
71241702,2
71242657,2
71242667,2
71242676,2
71242945,2
71243082,2
71243133,2
71243372,2
71359356,2
71359771,2
71360182,2
71363407,2
71382685,2
71449174,1
71449573,1
71450190,2
71450194,1
71450339,1
71450359,2
71450516,1
71450526,1
71450697,1
71450704,2
71450731,1
71450904,1
71450921,1
71451283,2
71451628,1
71451632,1
71451667,2
71451822,2
71452206,2
71453835,2
71453850,2
71455569,2
71456857,2
71457236,2
71457961,2
71458178,2
71459046,2
71460296,1
71460678,2
71460914,2
71462032,2
71464491,2
71465425,2
71465949,2
71466699,2
71469019,2
71469233,1
71469770,2
71469947,2
71471219,2
71472038,2
71472472,2
71473944,2
71474544,2
71474778,2
71475230,2
71475838,2
71480706,2
71481196,2
71484551,2
71492105,2
71606734,2
71748299,1
71748300,1
71748458,1
71748770,1
71749633,1
71759106,2
71759111,2
71760568,2
71762296,2
71763617,2
71763830,2
71765185,2
71769536,2
71770124,2
71770132,2
71770457,2
71771911,2
71773389,2
71774214,2
71774443,2
71774454,2
71774870,2
71784347,2
71785244,2
71787142,2
71792058,2
71803875,2
71804992,2
71820973,2
71822491,2
71822765,2
71822782,2
71822801,2
71822809,2
71852969,2
71885980,1
71987809,1
71987847,2
71987983,1
71987987,1
71988265,1
71988421,1
71988422,1
71988426,1
71988430,1
71988433,1
71988438,1
71988444,1
71988450,2
71988707,1
71988716,1
71988749,1
71988753,1
71988756,1
71988771,1
71988781,1
71988920,1
71988925,1
71988968,2
71989154,1
71989158,1
71989168,1
71989346,1
71989358,1
71989369,1
71989375,1
71989382,1
71989395,2
71989402,1
71989670,1
71989674,1
71989678,1
71989681,2
71989683,1
71989973,1
71989979,1
71989982,1
71989984,1
71989985,2
71989992,1
71990001,2
71990017,1
71990171,1
71990384,1
71990565,2
71990611,1
71990615,1
71990813,1
71990821,1
71992858,1
71993480,1
71994046,2
71994055,1
71994276,2
71996752,2
71997284,2
72000748,2
72004593,1
72004790,2
72007135,2
72007399,2
72012406,2
72013409,2
72013556,2
72013644,2
72014021,2
72014983,2
72014986,2
72015069,2
72015079,2
72015084,2
72015519,2
72015797,2
72016412,2
72019319,2
72020860,1
72021738,2
72023648,2
72026789,2
72027347,2
72027726,2
72029050,2
72029285,2
72029786,2
72031891,2
72034735,2
72038081,2
72039808,2
72040005,2
72047881,2
72086714,2
72097671,2
72246251,2
72291259,2
72292001,2
72292510,2
72292587,1
72294238,2
72294265,2
72294609,1
72294986,1
72295072,1
72295214,2
72295228,1
72295260,2
72295265,1
72295285,2
72296563,1
72297314,1
72297799,2
72297803,1
72301118,1
72301311,2
72302236,1
72303983,2
72304469,2
72306197,2
72306537,2
72306803,2
72307609,2
72307784,2
72307975,2
72309891,2
72310288,2
72310963,2
72311131,2
72312179,2
72312181,2
72312259,2
72312912,2
72313140,2
72313159,2
72313164,2
72313653,2
72313850,2
72314623,2
72315120,2
72315168,2
72319808,2
72320393,2
72321939,2
72322745,2
72322753,2
72323161,2
72325120,2
72326551,1
72326805,2
72331203,2
72337013,2
72337228,2
72337299,2
72337608,2
72338353,2
72339826,2
72339830,2
72340896,2
72341023,2
72341278,2
72341732,2
72341904,2
72341911,2
72342571,2
72342800,2
72343824,2
72344271,2
72344713,2
72344729,2
72345006,2
72351285,2
72356893,2
72357295,2
72357299,2
72358846,2
72360350,2
72361914,2
72361976,2
72363969,2
72366178,2
72366187,2
72366200,2
72366373,2
72366379,2
72367456,2
72369621,2
72370201,2
72370495,2
72373071,2
72373093,2
72376589,2
72376666,2
72376896,2
72376933,2
72391022,2
72394107,2
72394110,2
72395378,2
72399758,2
72405382,2
72504994,2
72524957,2
72537227,2
72567022,2
72601480,1
72601509,1
72601861,1
72601867,1
72601922,1
72603109,1
72604100,1
72628651,2
72628700,2
72628936,1
72629365,1
72629506,1
72629711,1
72629836,1
72629939,2
72629945,1
72630340,2
72630544,2
72630995,1
72631002,1
72631010,1
72631015,2
72631022,2
72631257,1
72631469,1
72631632,1
72632574,1
72632811,1
72637933,2
72639720,2
72640196,2
72640345,1
72641071,1
72641085,2
72642610,2
72644357,2
72644638,2
72645140,2
72645876,2
72646376,2
72646662,2
72647033,2
72647737,2
72648570,2
72649775,2
72651643,2
72651673,2
72652189,2
72653185,2
72653864,2
72654376,2
72654382,2
72654611,2
72654942,2
72655069,2
72656691,2
72656758,2
72659140,2
72661085,2
72663385,2
72664211,2
72665149,2
72667271,2
72673452,2
72673478,2
72674702,2
72675132,2
72675576,2
72678124,2
72679040,2
72679147,2
72679225,2
72683236,2
72686846,2
72689707,2
72705215,2
72709712,2
72712942,2
72713030,2
72713730,2
72715474,2
72728376,2
72729837,2
72734757,2
72734954,2
72737134,2
72738461,2
72739775,2
72740797,2
72741006,2
72745149,2
72745393,2
72745983,2
72748868,2
72753731,2
72754308,2
72755861,2
72755962,2
72756285,2
72758083,2
72759066,2
72763583,2
72777111,2
72869460,2
72869690,2
72894255,2
72897869,2
72898322,2
72902501,2
72906946,2
72907855,2
72999519,2
73000085,1
73000655,1
73000659,1
73000832,1
73000840,1
73000845,2
73000853,1
73001042,1
73001046,2
73001401,2
73001461,1
73001620,1
73001623,1
73001655,2
73002476,1
73002538,1
73002816,2
73002915,1
73003335,2
73003343,2
73003348,2
73003525,1
73003591,1
73003879,1
73003883,1
73003888,1
73004404,1
73007033,1
73008504,2
73008508,2
73010759,2
73010956,2
73014320,2
73014329,2
73014822,2
73014934,2
73015021,2
73015230,2
73015430,2
73015442,2
73015688,2
73015875,2
73015884,2
73016086,2
73018737,2
73019070,2
73019109,2
73019135,2
73019144,2
73019493,2
73019502,2
73019567,2
73019577,2
73019926,2
73019984,2
73020435,2
73020472,2
73020636,2
73020810,2
73021066,2
73021266,2
73021459,2
73021481,2
73022213,2
73022417,2
73022550,2
73023004,2
73023264,2
73023663,2
73024110,2
73024332,2
73024374,2
73024526,2
73024717,2
73024948,2
73024950,2
73025563,2
73025576,2
73025586,2
73025596,2
73025604,2
73025810,2
73025997,2
73026007,2
73026024,2
73026031,2
73026189,2
73026249,2
73026449,2
73026728,2
73026786,2
73026897,2
73027117,2
73027128,2
73027305,2
73027652,2
73027656,2
73027823,2
73027839,2
73027845,2
73027872,2
73027886,2
73028219,2
73028551,2
73029338,2
73029640,2
73029817,2
73030622,2
73031052,2
73040985,2
73042467,2
73046246,2
73077092,2
73077620,2
73078614,2
73078843,2
73080824,2
73080834,2
73081948,2
73093659,2
73093813,2
73093992,2
73095809,2
73101812,2
73102693,2
73109960,2
73114036,2
73115165,2
73118516,2
73124684,2
73125005,2
73126242,2
73126421,2
73126722,2
73127308,2
73127320,2
73127901,1
73128058,2
73128797,2
73129197,2
73130944,2
73131169,2
73131240,2
73131471,2
73132953,2
73138429,2
73138856,2
73140646,2
73142922,2
73144076,2
73144109,2
73144111,2
73150583,2
73150971,2
73154554,2
73154819,2
73154970,2
73155019,2
73155254,2
73155263,2
73155694,2
73156778,2
73160604,2
73161180,1
73172753,2
73181397,2
73186350,2
73187140,2
73187971,2
73188287,2
73195156,2
73207645,2
73207648,2
73218502,2
73218878,1
73218886,1
73218903,1
73218914,1
73218919,1
73218920,2
73218944,1
73218947,1
73218974,1
73218990,1
73219228,1
73219265,2
73219267,2
73219430,1
73219643,1
73219647,1
73219655,2
73219656,1
73219836,1
73220317,2
73220428,2
73220440,2
73220479,2
73220620,1
73220626,1
73221193,2
73221486,2
73221729,2
73222345,2
73222473,2
73223960,2
73223970,1
73223972,2
73223974,1
73224146,2
73224307,1
73224423,2
73224667,2
73227485,2
73229857,2
73230086,2
73230250,2
73230565,2
73230569,2
73230571,2
73230579,2
73230613,2
73230783,2
73230989,2
73231155,1
73231161,2
73231469,2
73231484,2
73231609,2
73232400,2
73236121,1
73236946,1
73241068,2
73241096,2
73241559,2
73241949,2
73242219,2
73242221,2
73242226,2
73242240,2
73242518,2
73242916,2
73243047,2
73243066,2
73243091,2
73243306,2
73243473,2
73243480,2
73243673,2
73243681,2
73244156,2
73244349,2
73245006,2
73245933,2
73245940,2
73245966,2
73246162,2
73246782,2
73247127,2
73247219,2
73247244,2
73247246,2
73247328,2
73247338,2
73247340,2
73247446,2
73247452,2
73247461,2
73247464,2
73247524,2
73247526,2
73247597,2
73247777,2
73248004,2
73248066,2
73248085,2
73248373,2
73248377,2
73248571,2
73248741,2
73249304,2
73249501,2
73249635,2
73249700,2
73249706,2
73249713,2
73250570,2
73250751,2
73250896,2
73251215,2
73251623,2
73251637,2
73252045,2
73252058,2
73252338,2
73252400,2
73252409,2
73252415,2
73252418,2
73252481,2
73252675,2
73252976,2
73253065,2
73254599,2
73254708,2
73255316,2
73255755,2
73257202,2
73259492,2
73259893,2
73259937,2
73260284,2
73260532,2
73260875,2
73261127,2
73261465,2
73261651,2
73261866,2
73262069,2
73262259,2
73262274,2
73262434,2
73262813,2
73262997,2
73263003,2
73263010,2
73263114,2
73263426,2
73263431,2
73263447,2
73263640,2
73264041,2
73264058,2
73264259,2
73264268,2
73264627,2
73264784,2
73265345,2
73265892,2
73265902,2
73266479,2
73266501,2
73266534,2
73266854,2
73266875,2
73266917,2
73267336,2
73267500,2
73268173,2
73268495,2
73268684,2
73268870,2
73269095,2
73269193,2
73269198,2
73269204,2
73269213,2
73269416,2
73269600,2
73269611,2
73269773,2
73270000,2
73270169,2
73270170,2
73270183,2
73270301,2
73270508,2
73270517,2
73270743,2
73270746,2
73271144,2
73271342,2
73271568,2
73271744,2
73271954,2
73276871,2
73280777,1
73293386,2
73299404,2
73299762,2
73300151,2
73303312,2
73303326,2
73303338,2
73303526,2
73303752,2
73304355,2
73306145,2
73310931,2
73312126,2
73314498,2
73316302,2
73317163,2
73319073,2
73319075,2
73319255,2
73319273,2
73319912,2
73319967,2
73320484,2
73320942,2
73322396,2
73322404,2
73322415,2
73323911,2
73324446,2
73324460,2
73325011,2
73325126,2
73325136,2
73325497,2
73328197,2
73328200,2
73328203,2
73331130,2
73331607,2
73333415,2
73333592,2
73337711,2
73338129,2
73340863,2
73340987,2
73350547,2
73359560,2
73360513,2
73361115,2
73366930,2
73376533,2
73376536,2
73381219,2
73381223,2
73381464,2
73382392,2
73382493,2
73382850,2
73386944,2
73388897,2
73390299,2
73390318,2
73390415,2
73390499,2
73390509,2
73390514,2
73390529,2
73390532,2
73390907,2
73391148,2
73393419,2
73393731,2
73394099,2
73395909,2
73395924,2
73396778,2
73397635,2
73397764,2
73404067,1
73405590,2
73405613,2
73405770,2
73406158,2
73406391,1
73406957,2
73407499,2
73408533,2
73410256,2
73414884,2
73422970,2
73423179,2
73423187,2
73423198,2
73423220,2
73424756,2
73424761,1
73425825,2
73426870,2
73427052,2
73427253,2
73427476,2
73427492,2
73427683,2
73428077,2
73428439,2
73428447,2
73428449,2
73428868,2
73429057,2
73429588,2
73431167,2
73433264,2
73433657,2
73433658,2
73433659,2
73433855,2
73433856,2
73435939,2
73435969,2
73436475,2
73436673,2
73436861,2
73436880,2
73439105,2
73440629,2
73444832,2
73444976,2
73449630,2
73452770,2
73452772,2
73452777,2
73454601,2
73454638,2
73480304,2
73486609,2
73490218,2
73512090,2
73648802,2
73717173,2
73747118,2
73762180,2
73862228,2
73884417,2
73884474,2
73884486,2
73891549,1
73951916,2
73956280,2
74020470,2
74045630,2
74054280,2
74061330,2
74061546,2
74076761,2
74146541,2
74164177,2
74195778,2
74267778,2
74314540,2
74314568,2
74322033,2
74336435,2
74432593,2
74437816,2
74456968,2
74461509,2
74472701,2
74628655,2
74657803,2
74664021,2
74700264,2
74814093,2
74815309,2
74815849,2
74816463,1
74816464,1
75078587,1
75404761,2
75679851,2
75730460,2
75788193,2
75789567,2
75791665,2
75938895,2
75995640,2
76126924,2
76178842,2
76314771,2
76402619,2
76406659,2
76435940,2
76509860,2
76551638,2
76605068,2
76716422,2
76863021,2
76863054,1
76863076,1
77024744,2
77118140,2
77133658,2
77153980,2
77155797,2
77165567,2
77325653,2
77415708,2
77531247,2
77619123,2
77642614,2
77646290,2
77646859,2
77709553,2
77737020,2
77997482,2
78065983,2
78087451,2
78111088,2
78133064,2
78602033,2
78655939,2
78702116,2
78777019,2
78789157,2
78814858,2
78828422,2
78835248,2
78837451,2
79074357,2
79102171,2
79244550,2
79365126,2
79428037,2
79470693,2
79587724,2
80119175,2
80278594,2
80387837,2
80484889,2
80486330,2
80508811,2
80520189,2
80547925,2
80587765,2
80609980,2
80610820,2
80664766,2
80666995,2
80668142,2
80908580,2
81025289,2
81026701,2
81332231,2
81352829,2
81353312,2
81362014,2
81394448,2
81396275,2
81401933,2
81447983,2
81726621,2
81750846,2
81948747,2
82002608,2
82161051,1
82172275,2
82296271,2
82478836,2
83029144,2
83047903,1
83121915,2
83201398,2
83486785,2
83733232,2
83886798,2
84008856,2
84256457,2
84288626,2
84828471,2
85001791,1
85230605,2
85337146,2
85408708,1
85605136,2
85621251,2
85734196,2
85763115,2
85777812,2
86225808,2
86331399,2
86347642,2
86403626,2
86533821,2
86533823,2
86656021,1
86803299,2
86875050,1
86904181,2
86921992,2
86954963,2
87021023,2
87031793,2
87034564,2
87102547,2
87172265,2
87185274,2
87186734,2
87189041,2
87192208,2
87253392,2
87265797,2
87356856,2
87579114,2
87771179,2
87905851,2
88047464,2
88100245,2
88261666,2
88267744,2
88288504,2
88303648,2
88433177,2
88451222,2
88642839,2
88822941,2
89749980,2
89786824,2
90239546,2
90249287,2
90448287,2
90467048,2
90548787,2
90578545,2
90639662,2
91235255,2
91315285,2
91400373,2
91766194,2
91857277,2
91861116,2
91861799,2
91863197,2
91863302,2
91865170,2
91865234,2
91866704,2
91866791,2
91867056,2
91870745,2
91881919,2
91881921,2
91881933,2
91881937,2
91882349,2
91882364,2
91882365,2
91887648,2
91887652,2
91889296,2
91894074,2
91903259,2
91907424,2
91914098,2
91914103,2
91914133,2
91914143,2
91914163,2
91914164,2
91914182,2
91929747,2
91934616,2
91934748,2
91935149,2
91935167,2
91935930,2
91936193,2
91938681,2
91939330,2
91943699,2
91945137,2
91952717,2
91952735,2
91958233,2
91959893,2
91959896,2
91960684,2
91960794,2
91961247,2
91961253,2
91961263,2
91961268,2
91961269,2
91961272,2
91961288,2
91961896,2
91962563,2
91963793,2
91963824,1
91973591,2
91973607,2
91975422,2
91975641,2
91982897,2
91995426,2
92000571,2
92019988,2
92020975,2
92021053,2
92037810,2
92056010,2
92057479,2
92058125,2
92074742,2
92077422,2
92078509,2
92120624,2
92120629,2
92120638,2
92120886,2
92120887,2
92120888,2
92167519,2
92196028,2
92198600,2
92257112,2
92387260,2
92405454,2
92692345,2
92704283,2
92734991,2
92735262,2
92756954,2
92794218,2
93084002,2
93185574,2
93187192,2
93331428,2
93632400,2
93662855,2
93869651,2
93872347,2
93872450,2
93917254,2
93937909,2
93937912,2
93937920,2
93937921,2
93968491,2
94014291,2
94065659,2
94068200,2
94068517,2
94069132,2
94069136,2
94069140,2
94069147,2
94069432,2
94069434,2
94070432,1
94070711,2
94071142,2
94071143,2
94071387,2
94071395,2
94071450,2
94071903,2
94072362,2
94072370,2
94072380,2
94072391,2
94072663,2
94072840,2
94072844,2
94073078,2
94074570,2
94074600,2
94075022,2
94075079,2
94075201,2
94075210,2
94075446,2
94075451,2
94075697,2
94076089,2
94076384,2
94076394,2
94076804,2
94076813,2
94076854,2
94077264,2
94077528,2
94077533,2
94077550,2
94077746,2
94078150,2
94078170,2
94078563,2
94078584,2
94078591,2
94079187,2
94079221,2
94079248,2
94079339,2
94079348,2
94079899,2
94081982,2
94082286,2
94093555,2
94093757,2
94101123,2
94101176,2
94101389,2
94101676,2
94102299,2
94103281,2
94103313,2
94104170,2
94104463,2
94104615,2
94104620,2
94104921,2
94104933,2
94104949,2
94105003,2
94105695,2
94105926,2
94105934,2
94105938,2
94106235,2
94106439,2
94106442,2
94106446,2
94107013,2
94107580,2
94107945,2
94112138,2
94115916,2
94116711,2
94116721,2
94117136,2
94117141,2
94117439,2
94117443,2
94117472,2
94117759,2
94118020,2
94118537,2
94118551,2
94118581,2
94118589,2
94118596,2
94118602,2
94118608,2
94119508,2
94119524,2
94120313,2
94122035,2
94122042,2
94122054,2
94122061,2
94122204,2
94122209,2
94122218,2
94126162,2
94126792,2
94127065,2
94127777,2
94128375,2
94129193,2
94129856,2
94129869,2
94130185,2
94130506,2
94130886,2
94130892,2
94130896,2
94131288,2
94131606,2
94131636,2
94131693,2
94132299,2
94132916,2
94133499,2
94134304,2
94134994,2
94136580,2
94136587,2
94139156,2
94145770,2
94147086,2
94147407,2
94149412,2
94150348,2
94150387,2
94151590,2
94152708,2
94153016,2
94153268,2
94153275,2
94188519,2
94190966,2
94191802,2
94192833,2
94198574,2
94205443,2
94205523,2
94213214,2
94227091,2
94234353,2
94243061,2
94243975,2
94244152,2
94244220,2
94245058,2
94245078,2
94245170,2
94245175,2
94245185,2
94245377,2
94245382,2
94245520,2
94246325,2
94248074,2
94248910,2
94249141,2
94252574,2
94253097,2
94253262,2
94253273,2
94253277,2
94253794,2
94253797,2
94254215,2
94254412,2
94254432,2
94254496,2
94255489,2
94255570,2
94255934,2
94256093,2
94256388,2
94256550,2
94256551,2
94256552,2
94256553,2
94256556,2
94256557,2
94256600,2
94256605,2
94256610,2
94256636,2
94256646,2
94256654,2
94258780,2
94260854,2
94261699,2
94267139,2
94268795,2
94269447,2
94269750,2
94269837,2
94270524,2
94270858,1
94271180,2
94271458,1
94272060,2
94273108,2
94274783,2
94275195,2
94275579,2
94275584,2
94275586,2
94276956,2
94281315,2
94281640,2
94281647,2
94282163,2
94282207,2
94282211,2
94282402,2
94282453,2
94282454,2
94282616,2
94282887,2
94282907,2
94282919,2
94283253,2
94283255,2
94283257,2
94283260,2
94283265,2
94284118,2
94284156,2
94284172,2
94284179,2
94284366,2
94284382,2
94284728,2
94284729,2
94284732,2
94284738,2
94284744,2
94284745,2
94284748,2
94284753,2
94284782,2
94285093,2
94285364,2
94285385,2
94285973,2
94286057,2
94286468,2
94286781,2
94286792,2
94286797,2
94286800,2
94286801,2
94287105,2
94288272,2
94288275,2
94288934,2
94288947,2
94289205,2
94290267,2
94290690,2
94290693,2
94291798,2
94291809,2
94292225,2
94292248,2
94295941,2
94296220,2
94296267,2
94296299,2
94296304,2
94296314,2
94296492,2
94296577,2
94296584,2
94296758,2
94296760,2
94296853,2
94296854,2
94297036,2
94297042,2
94297171,2
94297505,2
94297712,2
94299379,2
94299388,2
94300935,2
94300954,2
94300960,2
94301671,2
94301800,2
94301809,2
94302233,2
94302234,2
94302240,2
94302243,2
94302383,2
94302390,2
94302401,2
94302405,2
94302747,2
94302751,2
94302779,2
94302784,2
94302788,2
94303106,2
94303115,2
94303462,2
94306036,2
94311945,2
94312679,2
94312930,2
94313554,2
94313794,2
94313965,2
94314224,2
94314789,2
94314792,2
94314799,2
94316199,2
94317624,2
94318047,2
94318731,2
94321025,2
94321913,2
94322870,2
94322882,2
94322890,2
94325110,2
94327304,2
94333339,2
94333342,2
94333591,2
94336035,2
94336306,2
94336308,2
94336461,2
94337633,2
94339989,2
94340892,2
94340900,2
94340906,2
94341464,2
94341503,2
94352484,2
94352497,2
94353890,2
94360288,2
94360375,2
94360376,2
94360388,2
94362345,2
94362824,2
94366286,2
94367111,2
94369751,2
94369754,2
94369759,2
94371981,2
94372364,2
94381801,2
94382517,2
94384396,2
94384614,2
94407937,2
94407939,2
94408152,2
94408153,2
94408156,2
94408157,2
94408269,2
94522171,1
94532741,2
94534184,2
94535593,2
94542699,2
94551364,2
94551837,2
94554289,2
94555238,2
94555249,2
94555254,2
94557511,2
94558090,2
94558123,2
94563333,2
94574594,2
94574595,2
94574609,2
94574810,2
94574824,2
94574829,2
94576816,2
94579627,2
94581107,1
94581117,1
94583836,2
94584000,2
94584149,2
94590651,2
94590655,2
94590670,2
94590915,2
94590977,2
94591102,2
94592663,2
94592906,2
94592936,2
94593149,2
94593394,2
94597302,2
94599773,2
94600269,2
94609115,2
94611184,2
94613058,2
94623588,2
94626460,2
94626483,2
94636584,2
94636673,2
94645488,2
94650084,2
94655625,2
94662651,2
94757746,2
94812234,2
94819521,2
94819538,2
94828134,2
94835342,2
94887682,2
94893486,2
94906238,2
94906493,2
94907230,2
94907237,2
94911603,2
94911621,2
94913085,2
94913439,2
94914102,2
94931566,2
94939763,2
94940171,2
94940926,2
94940927,2
94952041,2
94954369,2
94954676,2
94961504,2
94964022,2
94971592,2
94982592,2
94990802,2
94991713,2
95001263,2
95009059,2
95010521,2
95012943,2
95040262,2
95040285,2
95277643,2
95329588,2
95339081,2
95531166,2
95531167,2
95582551,2
95960009,2
96024656,2
96056238,2
96057658,2
96222292,2
96254943,2
96255480,2
96255506,2
96256375,2
96256421,2
96256777,2
96256789,2
96258738,2
96259706,2
96260827,2
96261183,2
96261189,1
96261194,1
96261684,1
96262516,2
96264624,2
96295586,2
96295947,2
96297994,2
96298259,2
96300185,2
96301468,2
96301558,2
96301783,2
96301969,2
96302406,2
96302407,2
96304661,2
96304812,2
96305134,2
96310009,2
96311795,2
96312183,2
96319696,2
96320585,2
96443703,2
96447687,2
96453477,2
96477709,2
96508393,2
96558511,2
96558885,2
96558934,2
96558945,2
96562675,2
96562968,2
96563306,2
96563988,2
96564437,2
96565582,2
96566387,2
96566391,2
96567151,2
96567159,2
96567720,2
96568211,2
96568341,2
96568345,2
96568492,2
96568656,2
96568911,2
96568915,2
96569050,2
96569163,2
96569403,2
96569544,2
96569547,1
96569550,1
96569551,1
96569553,1
96570110,2
96570116,2
96570123,2
96570124,2
96570527,1
96571183,2
96571185,2
96571497,2
96571507,2
96571509,2
96574185,2
96576022,2
96577132,2
96577996,2
96578001,2
96578733,2
96579303,2
96580204,2
96580297,2
96580298,2
96580300,2
96580987,2
96581586,2
96581589,2
96582546,2
96583653,2
96583770,2
96583785,2
96584303,2
96584835,2
96584837,2
96584844,2
96584846,2
96584848,2
96584852,2
96584900,2
96585090,2
96589021,2
96592855,2
96595496,2
96595589,2
96596603,2
96610478,2
96615220,2
96617062,2
96621541,2
96642764,2
96646659,2
96651531,2
96653243,2
96653769,2
96655080,2
96655943,2
96656242,2
96658618,2
96658650,2
96674330,2
96674599,2
96674605,2
96675147,2
96681128,2
96681131,2
96681142,2
96703683,2
96705793,2
96706402,2
96759246,2
96924240,1
96924242,1
96924252,1
96925114,1
96925121,1
96925332,1
96925342,1
96925593,1
96926546,1
96927272,1
96928334,1
96928352,1
96928354,2
96929263,1
96929850,1
96930118,1
96930234,2
96930818,2
96930826,1
96930827,2
96930873,2
96931071,2
96931073,2
96931079,2
96931088,2
96931098,2
96931897,2
96932184,2
96932189,2
96932449,2
96932460,2
96932462,2
96932471,2
96932479,2
96932674,2
96933301,2
96934681,1
96935756,2
96936902,2
96938644,2
96939140,2
96939408,1
96939427,1
96939966,1
96940886,2
96943473,2
96945447,2
96946114,2
96947649,2
96948093,2
96948361,2
96949768,2
96949997,2
96950113,2
96950545,2
96950550,2
96950560,2
96950566,2
96950572,2
96950584,2
96951086,2
96951550,2
96951800,2
96952671,2
96952919,2
96953111,2
96953674,2
96953903,2
96954444,2
96954603,2
96954607,2
96955866,2
96956708,2
96957287,2
96957326,2
96957328,2
96957336,2
96958759,2
96958874,2
96959542,1
96959547,2
96959863,1
96960281,2
96961708,2
96962483,2
96963043,2
96967821,2
96969757,2
96972133,2
96972846,2
96973987,2
96975033,2
96976090,2
96979667,2
96982052,2
96983187,2
96985766,2
96985951,2
96990197,2
96992804,2
96995131,2
96995426,2
96995895,2
96995902,2
96996773,2
96996777,2
96997093,2
96998407,2
97002808,2
97004022,2
97004064,2
97004104,2
97004399,2
97004775,2
97011545,2
97011985,2
97013836,2
97013839,2
97014328,2
97015625,2
97015630,2
97018898,2
97018904,2
97018930,2
97018952,2
97019093,2
97019109,2
97020043,2
97021355,2
97021579,2
97023225,2
97023790,2
97024065,2
97024232,2
97024542,2
97024543,2
97025233,2
97025241,2
97025312,2
97025320,2
97025799,2
97025802,2
97025844,2
97027134,2
97027381,2
97027622,2
97027625,2
97027631,2
97027788,2
97027797,2
97051125,2
97051255,2
97051909,2
97055913,2
97061709,2
97061718,2
97066702,2
97066713,2
97068677,2
97069017,2
97069571,2
97078552,2
97081513,2
97081546,2
97081919,2
97087598,2
97089156,2
97089162,2
97089300,2
97095252,2
97100221,2
97100230,2
97103615,2
97103630,2
97105496,2
97105755,2
97107285,2
97114782,2
97123266,2
97127163,2
97132844,1
97133123,1
97133127,2
97133836,1
97134087,1
97139546,2
97141211,2
97141252,1
97150074,1
97150075,1
97150081,1
97150082,1
97150814,2
97155673,2
97184396,2
97185956,2
97186266,2
97186543,2
97188646,2
97199833,2
97206553,2
97244271,2
97280909,2
97387423,1
97387433,1
97388582,1
97388607,2
97390680,2
97391785,2
97391808,2
97392467,2
97393096,2
97393220,2
97393315,2
97396335,2
97397223,2
97401884,2
97403097,2
97403284,2
97403688,2
97403694,2
97404081,2
97404552,2
97404610,2
97405579,2
97405719,2
97407738,2
97408808,2
97408827,2
97408977,2
97424124,2
97424359,2
97424365,2
97424376,2
97430019,2
97431326,2
97481191,2
97487318,2
97500891,2
97506379,2
97678626,2
97702028,1
97702225,1
97702228,1
97702373,1
97702586,2
97702602,2
97707448,2
97708835,2
97709964,2
97712844,2
97713612,2
97714239,2
97714492,2
97716158,1
97717236,1
97718359,2
97718816,2
97718848,2
97722486,2
97724668,2
97724772,2
97727554,2
97727557,2
97728947,2
97729143,2
97730088,2
97731146,2
97732189,2
97732260,2
97732737,2
97732977,2
97733166,2
97733170,2
97733193,2
97733199,2
97733201,2
97735311,2
97737113,2
97737731,2
97738117,2
97745607,2
97751106,2
97751141,2
97753556,2
97758241,2
97758253,2
97760414,2
97760589,2
97764305,2
97764394,2
97804176,1
97804239,1
97804696,1
97820647,2
97822909,2
97824053,2
97826173,2
97826638,2
97826912,2
97827293,2
97828035,2
97828838,2
97830398,2
97830644,2
97833121,2
97833534,2
97833839,2
97836462,2
97858320,2
97907377,2
97907385,2
97916717,2
97918106,2
97920432,2
97930510,1
97930880,2
97931083,2
97933782,2
97938155,2
97939634,2
97976919,2
98031863,2
98032245,2
98032819,1
98032886,2
98033663,2
98033945,2
98035241,2
98037436,2
98037917,2
98038348,2
98039539,2
98039709,2
98039713,2
98039721,1
98043019,2
98044863,2
98045668,2
98047174,2
98056376,2
98056569,2
98056823,2
98059174,2
98059197,1
98061737,2
98062436,2
98063047,2
98066484,2
98068542,2
98070095,2
98070870,2
98070881,2
98070965,2
98071508,2
98072243,2
98073174,2
98073507,2
98073789,2
98074770,2
98076773,2
98077839,2
98079142,2
98079154,2
98081886,2
98083968,2
98089343,2
98093140,2
98097703,2
98106756,2
98112106,2
98125789,2
98143753,2
98161481,2
98162429,2
98178148,1
98252967,2
98281471,2
98550982,2
98551628,2
98551632,2
98568148,2
98588441,2
98588512,2
98605556,2
98610045,2
98638702,2
98643342,2
98643368,2
98645297,2
98646283,1
98648145,2
98648192,2
98648193,2
98648209,2
98649036,2
98649295,2
98649357,2
98649366,2
98649367,2
98649729,2
98649732,2
98649736,2
98649743,2
98649753,2
98649981,2
98649988,2
98649993,2
98650151,2
98650433,2
98651473,2
98651475,2
98651477,2
98651481,2
98651777,2
98651778,2
98651780,2
98651788,2
98652418,2
98652420,2
98652586,2
98652723,2
98652728,2
98652730,2
98652731,2
98652750,2
98652753,2
98652756,2
98652880,2
98652897,2
98652900,2
98652912,2
98653019,2
98653312,2
98653910,2
98654348,2
98654668,2
98654682,2
98654828,2
98654829,2
98654986,2
98655328,2
98655828,2
98655869,2
98656285,2
98656773,2
98656774,2
98657144,2
98657151,2
98657161,2
98658080,2
98658517,2
98659506,2
98659659,2
98660029,2
98660198,2
98660822,2
98661124,2
98661480,2
98661481,2
98662083,2
98662742,2
98663193,2
98663543,2
98663961,2
98663964,2
98688026,2
98887628,2
98980159,2
99009927,2
99018629,2
99053493,2
99053539,2
99098561,2
99102662,2
99103157,2
99108938,2
99118726,2
99146992,2
99147023,2
99147040,2
99198428,2
99261277,2
99261293,2
99261455,2
99262806,2
99262859,2
99262894,2
99262903,2
99262941,2
99273045,2
99300566,2
99391008,2
99396703,2
99409352,2
99456465,2
99466677,2
99616497,2
99634446,2
99659463,2
99690451,2
99695619,2
99702469,2
99709782,2
99710431,2
99728985,2
99732822,2
99738580,2
99920376,2
99934725,2
99936152,2
99936160,2
99945301,2
99945306,2
99945370,2
99946821,2
99947036,2
99947084,2
99947184,2
99948477,2
99948479,2
99949697,2
99949905,2
99950113,2
99950277,2
99950803,2
99950830,2
99951080,2
99951267,2
99951544,2
99951863,2
99952350,2
99952530,2
99952738,2
99952981,2
99953087,2
99953493,2
99971494,1
100135607,1
100156998,2
100252268,2
100297870,2
100458403,2
100678028,2
100754050,2
100791505,2
100795612,2
100798498,2
100809005,2
100811554,1
100811714,2
100811720,1
100830973,1
100918469,2
101122466,2
101211541,2
101692510,2
101783430,2
102226108,1
102436731,2
103063599,2
103136708,2
103139209,2
103948477,2
104000053,2
104004398,2
104097172,2
104313316,2
104758336,2
104845273,2
105097056,2
105411194,2
105413220,2
105418918,2
105419942,2
105419960,2
105419976,2
105420014,2
105420019,2
105420214,2
105420247,2
105420302,2
105420324,2
105421617,2
105421700,2
105422234,2
105422342,2
105422778,2
105422813,2
105423585,2
105424606,2
105425125,2
105425313,2
105425363,2
105425528,2
105425540,2
105425562,2
105425580,2
105425768,2
105426009,2
105426029,2
105426254,2
105426282,1
105426607,2
105426643,2
105426666,2
105426678,2
105426713,2
105426732,2
105426757,2
105427150,1
105427190,2
105428065,2
105428263,2
105428281,2
105428296,2
105428331,1
105428362,2
105428370,2
105428418,2
105428434,2
105428461,2
105428618,2
105428682,2
105429233,2
105429280,2
105429354,2
105432643,2
105433236,2
105434864,2
105434883,2
105434922,2
105435372,2
105435872,2
105436390,2
105444916,2
105460621,2
105461722,2
105464314,2
105490236,2
105587181,2
105587216,2
105587485,2
105587504,2
105587537,2
105587546,2
105587561,2
105588128,2
105588181,2
105588194,2
105588410,2
105588438,2
105588463,2
105588491,2
105588501,2
105590005,2
105590062,2
105590143,2
105590208,2
105590215,2
105590238,2
105590252,2
105590271,2
105590274,2
105590289,2
105590298,2
105590303,2
105590778,2
105590822,2
105590824,2
105590928,2
105590934,1
105591335,2
105591340,1
105591343,2
105591776,2
105592223,2
105592224,2
105592237,2
105592254,2
105592559,2
105592564,2
105592567,2
105592577,2
105592594,2
105592654,1
105592663,2
105592671,2
105592673,2
105592697,2
105593091,1
105593094,2
105593124,2
105593129,2
105593662,2
105594243,2
105594251,2
105594259,2
105594262,2
105594264,2
105594270,2
105594286,2
105594287,2
105594296,2
105594841,2
105594874,2
105594885,2
105594890,2
105594900,2
105594901,2
105594904,2
105594906,2
105594911,2
105594916,2
105595354,2
105595645,2
105595864,2
105596135,2
105596140,2
105596296,2
105596304,2
105596311,2
105596632,1
105596633,2
105596779,2
105596799,2
105597642,2
105597656,2
105597658,2
105605197,2
105605755,2
105605779,2
105608997,2
105610353,2
105610357,2
105612039,2
105770732,2
105774341,2
105774519,2
105776158,2
105776174,2
105776186,2
105776222,2
105778673,2
105779109,2
105779191,2
105781322,2
105782789,2
105784398,2
105784417,2
105784602,2
105784608,2
105785066,2
105785072,2
105785078,2
105785088,2
105785561,2
105785726,2
105786312,2
105786320,2
105786561,2
105786765,2
105786769,2
105786789,2
105786801,2
105786816,2
105787023,2
105787042,2
105787051,2
105787054,2
105787081,2
105787235,2
105787565,2
105787575,2
105787582,2
105787594,2
105787723,2
105787729,2
105788047,2
105788050,2
105788059,2
105788576,2
105788593,2
105788938,2
105788948,2
105788963,2
105788972,2
105790811,2
105793572,2
105795962,2
105795977,2
105799448,2
105801889,2
105803995,2
105804005,2
105804672,2
105805015,2
105811798,2
105812373,2
105817364,2
105820844,2
105822838,2
105822891,2
105823844,2
105826991,2
105826996,2
105827008,2
105831634,2
105833469,2
105842012,2
105842871,2
105843171,2
105843745,1
105843907,2
105845356,2
105845807,2
105845808,2
105845811,1
105846200,2
105846208,2
105847255,2
105847366,2
105847380,2
105847385,2
105847392,2
105847397,2
105847407,2
105847456,2
105847558,2
105847566,2
105847569,2
105847570,2
105847699,2
105847859,2
105847862,2
105847885,2
105847997,2
105848011,2
105848018,2
105848213,2
105848348,2
105848351,2
105848559,2
105848574,2
105848588,2
105848906,2
105848910,2
105848960,2
105849400,2
105849817,1
105849820,2
105849821,2
105849822,2
105849826,2
105849829,2
105849832,2
105850635,2
105853145,2
105853204,2
105853910,2
105853914,2
105853927,2
105854904,2
105857305,2
105857310,2
105857335,2
105857348,2
105857355,2
105857363,2
105857379,2
105857383,2
105857417,2
105857434,2
105857507,2
105857511,2
105857525,2
105857976,2
105857979,2
105857982,2
105857989,2
105858007,2
105858022,2
105858040,2
105858110,2
105858118,2
105858126,2
105858174,2
105858181,2
105858531,2
105858545,1
105858748,1
105858763,1
105858968,2
105858970,2
105858988,2
105859007,2
105859019,2
105859023,2
105859028,2
105859030,2
105859033,2
105859122,2
105859497,2
105859504,2
105859509,2
105859662,2
105859675,2
105859984,2
105859990,2
105863950,2
105863955,2
105869875,2
105872529,2
105881008,2
105881066,2
105883533,2
105972046,2
105974940,2
105974981,2
105974994,2
105975005,2
105975030,2
105975043,2
105975051,2
105975757,2
105975793,2
105975809,2
105975837,2
105976245,2
105976278,2
105976285,2
105976291,2
105976663,2
105976679,2
105976681,2
105976690,2
105976742,2
105979024,2
105979446,2
105979462,2
105979509,2
105979518,2
105979574,2
105980184,2
105980399,2
105980689,2
105980769,2
105981223,2
105983580,2
105984764,2
105984775,2
105984960,2
105985052,2
105985420,2
105986274,2
105987885,2
105988422,2
105991496,2
105991979,2
105992553,2
105994274,2
105995296,2
105995342,2
105996180,2
105997028,2
105997712,2
106000000,2
106000120,2
106001186,1
106001737,2
106002141,2
106003336,2
106003750,2
106003753,2
106009210,2
106009303,2
106012025,2
106017092,2
106019639,2
106019788,2
106019798,2
106020755,2
106020955,2
106021879,2
106043150,2
106043152,2
106249867,2
106292661,2
106293478,2
106294004,2
106295450,2
106297576,2
106298195,2
106300458,2
106301199,2
106302011,2
106302016,2
106302508,2
106302521,2
106303457,2
106303787,2
106304168,2
106304171,2
106305311,2
106305313,2
106305476,2
106306407,1
106306420,2
106306441,2
106306459,2
106306769,2
106306778,2
106307051,2
106307477,2
106307652,2
106308231,2
106308615,2
106309227,2
106309530,2
106309532,2
106309997,2
106310566,2
106310573,2
106310652,2
106310679,2
106311163,2
106311181,2
106311426,2
106311440,2
106311921,2
106311926,2
106311927,2
106311950,2
106311964,2
106311965,2
106311971,2
106311975,2
106312186,2
106312648,2
106312649,2
106312654,2
106312809,2
106313047,2
106313302,2
106313316,2
106313330,2
106313491,2
106314065,2
106314067,2
106314068,2
106314180,2
106314186,2
106314364,2
106314544,2
106314557,2
106314567,2
106314576,1
106314771,2
106314781,2
106315203,2
106315204,2
106315209,2
106315211,2
106315214,2
106315862,2
106316732,2
106317037,2
106317601,2
106317727,2
106318007,2
106318883,2
106318958,2
106318963,2
106319718,2
106319719,2
106319726,2
106319731,2
106320422,2
106320643,2
106321173,2
106322161,2
106323743,2
106323756,2
106325771,2
106330472,2
106330476,2
106330478,2
106330496,2
106335701,2
106339363,2
106342427,2
106342670,2
106343043,2
106343046,2
106344760,2
106345267,2
106347785,2
106353589,2
106358134,2
106359119,2
106359123,2
106360467,2
106360921,2
106364657,2
106364923,1
106366575,2
106366590,2
106366595,2
106368711,2
106372021,2
106376532,2
106376535,2
106379873,2
106380383,2
106380398,2
106380422,2
106380424,2
106381045,2
106386378,2
106387795,2
106388151,2
106388477,2
106388488,2
106388579,2
106388793,2
106388887,2
106390786,2
106390808,1
106391278,2
106391932,2
106391967,2
106392554,2
106393052,2
106393296,2
106393301,2
106393924,2
106393926,2
106396805,2
106397435,2
106398163,2
106401457,2
106401837,2
106402470,2
106402482,2
106403370,2
106403381,2
106406022,2
106406046,2
106409581,2
106411216,2
106411222,2
106411254,2
106413466,2
106413758,2
106413774,2
106413922,2
106414086,2
106414113,2
106414116,2
106414122,2
106414664,2
106414667,2
106414670,2
106414917,2
106415657,2
106415661,2
106415662,2
106416051,2
106416690,2
106416833,2
106417087,2
106417106,2
106417109,2
106417251,2
106417545,2
106417596,2
106417628,2
106426575,2
106438780,2
106446315,2
106446357,2
106490549,2
106506098,2
106638561,2
106703678,2
106708266,2
106708597,2
106709271,2
106709992,2
106710020,2
106712364,2
106712617,2
106713427,2
106713535,2
106713558,2
106713640,2
106713844,2
106714924,2
106717907,2
106718344,2
106718595,2
106720346,2
106720358,2
106722384,2
106722389,2
106722979,2
106724860,2
106728267,2
106732211,2
106732910,2
106734429,2
106735343,2
106735346,2
106737698,2
106738265,2
106742188,2
106747709,2
106748672,2
106761612,2
106761616,2
106764771,2
106766286,2
106767220,2
106770255,2
106770264,2
106779683,2
106785169,2
106790814,2
106792699,2
106793932,2
106802152,2
106802601,2
106802620,2
106803465,2
106803466,2
106803479,2
106814727,2
106814883,2
106814886,2
106814893,2
106814903,2
106814904,2
106814905,2
106814909,1
106815179,2
106815649,2
106815678,2
106815684,2
106815727,2
106816407,2
106816546,2
106816574,2
106816578,1
106816622,2
106816626,2
106821929,2
106832877,2
106832879,2
106832882,2
106835394,2
106841892,2
106841898,2
106841904,2
106841906,2
106841909,2
106841937,2
106841938,2
106842395,2
106846949,2
106846950,2
106846953,2
106847281,2
106854410,2
106854417,2
106854901,2
106854916,2
106855390,2
106855396,2
106855735,2
106855739,2
106856158,2
106856176,2
106856225,2
106856753,2
106857117,2
106857647,2
106877725,2
107083982,2
107083983,2
107090648,2
107095395,2
107096488,2
107099177,2
107112620,2
107152411,2
107152811,2
107153626,2
107189098,2
107203756,2
107207779,2
107208682,2
107210875,2
107215283,2
107241062,2
107412752,2
107624551,2
107730071,2
107782289,2
107782865,1
107782882,1
107784772,2
107785982,2
107789140,2
107797582,2
107797828,2
107984774,2
108052314,2
108152450,2
108155998,2
108156000,2
108158984,2
108224316,2
108353956,2
108374456,2
108623552,2
108668266,2
108834888,2
108961020,2
109171776,2
109383451,2
110273405,2
110277049,2
110613202,2
110842065,2
110963409,2
111064425,2
111171925,2
111235406,2
111526694,2
111691229,2
111816511,2
112066529,2
112128404,2
112165914,2
112285660,2
112511172,2
112920133,2
112928975,1
112989226,2
112997653,2
113054794,2
113573117,2
113621810,2
113649806,2
113820630,2
113903860,2
113947689,2
114364497,2
114462489,2
114464849,2
114465984,2
114472735,2
114476019,2
114488187,2
114497010,2
114497093,2
114497355,2
114497358,1
114497382,2
114497394,2
114497399,2
114497406,2
114497427,2
114497436,1
114497442,2
114497450,2
114497725,2
114498409,2
114499205,1
114507940,2
114514658,2
114521942,2
114528470,2
114548633,2
114549683,2
114598077,2
114600470,2
114602932,1
114603374,2
114603376,2
114603391,2
114603961,2
114604546,2
114604557,2
114604561,2
114604822,2
114621255,2
114621768,2
114626822,2
114629244,2
114633474,2
114635233,2
114638316,2
114638671,2
114641963,2
114641966,2
114641985,2
114642158,2
114642262,2
114642279,2
114642288,2
114642450,2
114648386,1
114651822,2
114651826,2
114652354,2
114653338,2
114655562,2
114655823,1
114656125,1
114656654,2
114657233,2
114657834,2
114657864,2
114658129,2
114658606,2
114664262,2
114664264,2
114664363,2
114664366,2
114664367,2
114664778,2
114665016,2
114675613,1
114682049,2
114689180,2
114690327,2
114690946,2
114690948,2
114710797,2
114714715,2
114714743,2
114714780,2
114715022,2
114715291,2
114715547,2
114715754,2
114715759,2
114742232,2
114743268,2
114749815,1
114754008,2
114969113,2
114971133,2
114971381,2
115022389,2
115029843,2
115043748,2
115043988,2
115044377,2
115046915,2
115047046,2
115047601,2
115047910,2
115047933,2
115065290,1
115076686,2
115080200,2
115089336,2
115090672,2
115097174,2
115098616,2
115107166,2
115107426,2
115107509,2
115107784,2
115107880,2
115108021,2
115108118,2
115108127,2
115108227,2
115108234,1
115121140,2
115122271,1
115126716,2
115128842,2
115145490,2
115148343,2
115180918,2
115186990,2
115187255,2
115193071,2
115193078,2
115193133,2
115193767,2
115193770,2
115193791,2
115193976,2
115194165,2
115194169,2
115197289,2
115202299,2
115204727,2
115209597,2
115209651,2
115209664,2
115213278,1
115213281,2
115214695,2
115220831,2
115221333,2
115228596,2
115231864,2
115232202,2
115261388,2
115266588,2
115274072,2
115275152,2
115279602,2
115285591,2
115286481,2
115294137,2
115294952,2
115298687,2
115299847,2
115324291,2
115394915,2
115500189,2
115523071,2
115529485,2
115533535,2
115533793,2
115534697,2
115534770,2
115606048,2
115608090,2
115610377,2
115625469,2
115642542,2
115706480,2
115709632,2
115709635,2
115711293,2
115711296,2
115711514,2
115722999,1
115723002,1
115723004,1
115723006,1
115723008,1
115723010,1
115723011,1
115723118,1
115723119,1
115723125,1
115723127,1
115723274,1
115723277,1
115723278,1
115723279,1
115723284,1
115723285,2
115723389,1
115723395,2
115723402,1
115723984,2
115724248,2
115726274,2
115726373,2
115728003,2
115901833,2
115911726,2
115912650,2
115918983,2
115920425,2
115924670,1
115946082,2
115949445,1
115950776,2
115960307,2
115967728,1
116010228,2
116052901,1
116053428,1
116054103,1
116054110,1
116055498,1
116055520,1
116055665,2
116055667,2
116058585,1
116058901,1
116060279,1
116061812,1
116064774,2
116069421,1
116072231,1
116073592,2
116075693,1
116081878,1
116086353,2
116087383,2
116088068,2
116092892,2
116093362,2
116100971,2
116101613,2
116107028,1
116107405,1
116107409,1
116107977,2
116109093,2
116110039,1
116110341,1
116112202,1
116115792,2
116117825,1
116119540,2
116125864,1
116128557,2
116128866,2
116129229,2
116129238,2
116129479,2
116129483,2
116129487,2
116129489,2
116129496,2
116129500,2
116129502,2
116129504,2
116135416,1
116139224,2
116162492,1
116162711,1
116173763,1
116178975,2
116179559,2
116179605,2
116183359,2
116185674,2
116189189,2
116193317,2
116193739,2
116203361,2
116205731,2
116205737,1
116206284,2
116206510,2
116206785,1
116207101,1
116208111,1
116217174,1
116217308,1
116404205,2
116476641,2
116511766,2
116611781,2
116631597,2
116679831,2
116746285,2
116747257,2
116749414,2
116759257,2
116822292,2
116839462,2
116874855,2
116882540,2
116883110,2
116884797,2
116898498,2
116902242,1
116903169,2
116914127,2
116914752,2
117109705,2
117140737,1
117183505,2
117628526,2
117722026,2
117914128,2
118179866,2
118258721,2
118535800,2
118638871,2
119043284,2
119075718,2
119446249,2
119820263,2
120019032,1
120019034,1
120179148,2
120319794,2
121078260,2
121078569,2
121546007,2
121714948,2
121874664,2
121978551,2
121979121,2
122060720,2
122148516,2
122166858,2
122251077,2
122267457,2
122268541,2
122351378,2
122371039,2
122371040,2
122701156,2
122707293,2
123149957,2
123244307,2
123428355,2
123587742,2
124606491,2
124653602,2
125410588,2
125428309,2
125820268,2
125820277,2
126015984,2
126048495,2
126380404,2
126611034,2
126623902,2
126802668,2
126819049,2
126866147,2
126969160,2
127010216,2
127430876,2
128246621,2
128417783,2
128924055,2
129946705,2
130927055,2
131552098,2
131552811,2
132035006,2
132499699,2
132758264,2
133371293,2
133499548,2
134747239,2
135011010,2
135102681,2
135102855,2
135246316,2
135805287,2
136314571,2
137055550,2
137906514,2
138041080,2
138422168,2
138486890,2
138798141,2
140419612,2
140870196,2
141223547,2
141251903,2
142287820,2
142553578,2
142712353,2
143317555,2
143689717,2
145420201,2
145836951,2
145836954,2
146303161,2
146479398,2
147478192,2
147587975,2
148114185,2
148252407,2
148533307,2
148533415,2
148536082,2
148537619,2
148537640,2
148541127,2
148541145,2
148542035,2
148542990,2
148545840,2
148545913,2
148546137,2
148546162,2
148546189,2
148546194,2
148546492,2
148546520,2
148546524,2
148546526,2
148546740,2
148546741,2
148546746,2
148546937,2
148549034,2
148549351,2
148549365,2
148558252,2
148561385,2
148562098,2
148563818,2
148566614,2
148568426,2
148568939,1
148568948,2
148568959,2
148569208,2
148569487,1
148569565,1
148577362,2
148608910,2
148608917,2
148609616,2
148612068,1
148612071,2
148612078,1
148612086,1
148612093,1
148612097,2
148612337,1
148612343,1
148612415,1
148640119,2
148651749,2
148652034,2
148652660,2
148666022,2
148672512,2
148672524,2
148674452,2
148674765,2
148674769,2
148674996,2
148675003,2
148675735,2
148685585,2
148694324,2
148695422,2
148696813,2
148702402,2
148750534,2
148775791,2
148775793,2
148779157,2
148784981,2
148785280,2
148785284,2
148785723,2
148785957,2
148786662,2
148786686,2
148786690,2
148786696,2
148786700,2
148789748,2
148791084,2
148791095,2
148791514,2
148791597,2
148791604,2
148792573,2
148793347,2
148793351,2
148793555,2
148793597,2
148793781,2
148814510,2
148814767,2
148814770,2
148815038,2
148815040,2
148815051,2
148820482,2
148827018,2
148827030,2
148827417,2
148827426,2
148827442,2
148827469,2
148827476,2
148836219,2
148836221,2
148836717,2
148836731,2
148836915,2
148837139,2
148837143,2
148837760,2
148837784,2
148838180,2
148838411,2
148838708,2
148838850,2
148838967,2
148838970,2
148839108,2
148839226,2
148839525,2
148839597,2
148840585,2
148840593,2
148841333,2
148841441,2
148841669,2
148841677,2
148841686,2
148841744,2
148841749,2
148841754,2
148841911,2
148841925,2
148841982,2
148841987,2
148841996,2
148842013,2
148842019,2
148842091,2
148842226,2
148842318,2
148842322,2
148843954,2
148844172,2
148844409,2
148844412,2
148844421,2
148844984,2
148845257,2
148845451,2
148845459,2
148845495,2
148845691,2
148845696,2
148845909,2
148847719,2
148847729,2
148847746,2
148847751,2
148847760,2
148847766,2
148847772,2
148847776,2
148847791,2
148847797,2
148847802,2
148848600,2
148849217,2
148849532,2
148849989,2
148850207,2
148850403,2
148850410,2
148850433,2
148850670,2
148850893,2
148851806,2
148852182,2
148852286,2
148852292,2
148852485,2
148854538,2
148854546,2
148854549,2
148854559,2
148857514,2
148857937,2
148859827,2
148860009,2
148860038,2
148860424,2
148861092,2
148861809,2
148863481,2
148863745,2
148863771,2
148864043,2
148864245,2
148864802,2
148870987,2
148881439,2
148886495,2
148892351,2
149127367,1
149127368,1
149129137,1
149129504,2
149130813,1
149133653,1
149134786,2
149136914,2
149138176,1
149141241,2
149141685,2
149142368,2
149144099,2
149144930,2
149145534,2
149146581,2
149147165,2
149147366,2
149149225,2
149149252,2
149149308,2
149149499,2
149153021,2
149153540,2
149154721,2
149154841,2
149156780,2
149157885,2
149157890,2
149157916,2
149158419,2
149158779,2
149158782,2
149159034,2
149159040,2
149159400,2
149159429,2
149159898,2
149159900,2
149160216,2
149160231,2
149160552,2
149161343,2
149161627,2
149161642,1
149161668,2
149161688,2
149161853,2
149161925,2
149163057,1
149167406,2
149167747,2
149168096,2
149168097,2
149168099,2
149182610,2
149182616,2
149182868,2
149182874,2
149182998,2
149184527,2
149184536,2
149184852,2
149184867,2
149185296,2
149185303,2
149185308,2
149185311,2
149186557,2
149194813,2
149206109,2
149209137,2
149239379,2
149545531,2
149554286,2
149554287,2
149554557,2
149556040,2
149556734,2
149556776,2
149556924,2
149560434,2
149566964,2
149567145,2
149567348,2
149567352,2
149567355,2
149567360,2
149567366,2
149567368,2
149567381,2
149567382,2
149567836,2
149567839,2
149568051,2
149569098,2
149569116,2
149569447,2
149569452,2
149570217,2
149570245,2
149570733,2
149570741,2
149571659,2
149571669,2
149574863,2
149575269,2
149575523,2
149575708,2
149577477,2
149579623,2
149582234,2
149583464,2
149583899,2
149585277,2
149590943,2
149596203,2
149596405,2
149596410,2
149596415,2
149596432,2
149605448,2
149605800,2
149605861,2
149605863,2
149627692,2
149627699,2
149627773,2
149627922,2
149628196,2
149662178,1
149686262,2
149687787,2
149691707,2
149698020,2
149698582,2
149698741,2
149698759,2
149699871,2
149702534,2
149702838,2
149704411,2
149704419,2
149705064,2
149705288,2
149705600,2
149705605,2
149705621,2
149707497,2
149707545,2
149709242,2
149709253,2
149709793,2
149709797,2
149712634,2
149714324,2
149753103,2
149753105,2
149753117,2
149753120,2
149753128,2
149753132,2
149753145,2
149762982,2
149763077,2
149763387,2
149774409,2
149798110,2
149798246,2
149798422,2
149798584,2
149823959,2
150020105,2
150020258,2
150020701,2
150413125,1
150413127,2
150413143,2
150413145,2
150434526,2
150839443,2
150866550,2
151134470,2
151187053,1
151187057,1
151190965,1
151192199,2
151192648,2
151192988,2
151193455,2
151193805,2
151195593,1
151200842,2
151200949,2
151200952,2
151200956,2
151202385,2
151206980,2
151211046,2
151217551,2
151222468,2
151223769,2
151223773,2
151224076,2
151224732,2
151227267,1
151227881,2
151229975,2
151230204,2
151235261,2
151237618,1
151238012,2
151249353,2
151258418,2
151259051,2
151264194,2
151599761,2
151752242,1
151769971,2
151776575,2
151777042,2
152162148,2
152338737,2
152342510,2
152355744,2
152359024,1
152359025,1
152361795,2
152612253,2
152702148,2
153365280,2
153371287,2
154749916,2
155071266,2
155083299,2
155381774,2
155390099,2
155460571,2
155508771,2
155522138,2
155526486,2
155533543,2
155535023,2
155535430,2
155538164,2
155539978,2
155549608,2
155550933,2
155550968,2
155551688,2
155553341,2
155554019,2
155554176,2
155559568,2
155561664,2
155562331,2
155573361,2
155573753,2
155576355,2
155578198,2
155578200,2
155581166,2
155581536,2
155582549,2
155582930,2
155582943,2
155583234,2
155583306,2
155583314,2
155583708,2
155583796,2
155583801,2
155585216,2
155586203,2
155586210,2
155586224,2
155586228,2
155586284,2
155586753,2
155586757,2
155586764,2
155586775,2
155587538,2
155587549,2
155587790,2
155587791,2
155587794,2
155587798,2
155587814,2
155587840,2
155587889,2
155587890,2
155588044,2
155589863,2
155590708,2
155590997,2
155593277,2
155595345,2
155597293,2
155597300,2
155601022,2
155613680,2
155617030,2
155621619,2
155621630,2
155622859,2
155622861,2
155623923,1
155627624,2
155627660,1
155630888,2
155631607,2
155633813,2
155637545,2
155645481,2
155646219,2
155647173,2
155647805,2
155648173,2
155651496,2
155651533,2
155652210,2
155652972,2
155653798,2
155654111,2
155655310,2
155655480,2
155655673,2
155655694,2
155655878,2
155657232,2
155658137,2
155658214,2
155658216,2
155658834,2
155659777,2
155663799,2
155666115,2
155666122,2
155666630,2
155666684,2
155666717,2
155667184,2
155669824,2
155670282,2
155670970,2
155671237,2
155671469,2
155671780,2
155671785,2
155672475,2
155673418,2
155674575,2
155674580,2
155674591,2
155675570,2
155675917,2
155676042,2
155676366,2
155676998,2
155681710,2
155687112,2
155690140,2
155691392,2
155691683,2
155694140,2
155694465,2
155694755,2
155694944,2
155697070,2
155699346,2
155706106,2
155709876,2
155712049,2
155713958,2
155715769,2
155716860,2
155718192,2
155718398,2
155719727,2
155720730,2
155720735,2
155720736,2
155720738,2
155720741,2
155720744,2
155720745,2
155720749,2
155720756,2
155720761,2
155720771,2
155720775,2
155720780,2
155720782,2
155720788,2
155720806,2
155720808,2
155720885,2
155722084,2
155724033,2
155731488,2
155731493,2
155732262,2
155732268,1
155732978,2
155733087,2
155733692,2
155733930,2
155734883,2
155737402,2
155737649,2
155737652,2
155738604,2
155742345,2
155743352,2
155743373,2
155744686,2
155747227,2
155748671,2
155756787,2
155759301,2
155759670,2
155766769,2
155768281,2
155771442,2
155771964,2
155779446,2
155783466,2
155784952,2
155787237,2
155787285,2
155791506,2
155793314,2
155794856,2
155794863,2
155795122,2
155802381,2
155802889,2
155802898,2
155803876,2
155803971,2
155807238,2
155809126,2
155809660,2
155810823,2
155810896,2
155810916,2
155810949,2
155811227,2
155812060,2
155812856,2
155812860,2
155813445,2
155813476,2
155813480,2
155815739,2
155815779,2
155815784,2
155815790,2
155816178,2
155816192,2
155816199,2
155816203,2
155816205,2
155816211,2
155818415,2
155821276,2
155821951,2
155821960,2
155821972,2
155821979,2
155821981,2
155822639,2
155822905,2
155822906,2
155825285,2
155825502,2
155827051,2
155829800,2
155829810,2
155829833,2
155829839,2
155829843,2
155837337,2
155837569,2
155837578,2
155837816,2
155838059,2
155838065,2
155839033,2
155839305,2
155839776,2
155839784,2
155839924,2
155841569,2
155841579,2
155841585,2
155841637,2
155843452,2
155846439,2
155846718,2
155847762,2
156006577,2
156016426,2
156017039,2
156017380,1
156029378,2
156032172,2
156043138,2
156045204,2
156045694,2
156046263,2
156046286,2
156047693,2
156047939,2
156048060,2
156056294,2
156056739,2
156058472,2
156058477,2
156061271,2
156061888,2
156061891,2
156061901,2
156062272,2
156065491,2
156066467,2
156068607,2
156074278,2
156076560,2
156080080,2
156080353,2
156081041,2
156082481,2
156082918,2
156088151,2
156088154,2
156103984,2
156106772,2
156110781,2
156112934,2
156115112,2
156116311,2
156116440,2
156120830,2
156122025,2
156126106,2
156126515,2
156132178,2
156138154,2
156140081,2
156140152,2
156141603,2
156141938,2
156141979,2
156143950,2
156143966,2
156144098,2
156144440,2
156145708,2
156145942,2
156150196,2
156152340,2
156160565,2
156160849,2
156163071,2
156164972,2
156166434,2
156168420,2
156168424,2
156172217,2
156172447,2
156174496,2
156175593,2
156177833,2
156182164,2
156186228,2
156187320,2
156189835,2
156189849,2
156189859,2
156191956,2
156200127,2
156200979,2
156202786,2
156203384,2
156206766,2
156208282,2
156209245,2
156209757,2
156213143,2
156218109,2
156218280,2
156219832,2
156222213,2
156224740,2
156225054,2
156227730,2
156281968,2
156281975,2
156282380,2
156288061,2
156289334,2
156289343,2
156289346,2
156297113,2
156299661,2
156302066,2
156305556,2
156307149,2
156307674,2
156313764,2
156314754,2
156315105,2
156317175,2
156317359,2
156328432,2
156341160,2
156381357,2
156416966,2
157183994,2
157195066,2
157200932,2
157237317,2
157243941,2
157252863,2
157296544,2
157296708,2
157299461,2
157301501,2
157320937,2
157574659,2
157575175,2
157579625,2
157579674,2
157579684,2
157579982,2
157581346,2
157581531,2
157581541,2
157581542,2
157581549,2
157581561,2
157581680,2
157581697,2
157581699,2
157581708,2
157584410,2
157589245,2
157592212,2
157594794,2
157596658,2
157596664,2
157596720,2
157596725,2
157596730,2
157596907,2
157597009,2
157597769,2
157599321,2
157599327,2
157599337,2
157599341,2
157600154,2
157603772,2
157605714,2
157607789,2
157607791,2
157616121,2
157617732,2
157617747,2
157619070,2
157619071,2
157621349,2
157622998,2
157623001,2
157623005,2
157624987,2
157631640,2
157631750,2
157634654,2
157636225,2
157636230,2
157638186,2
157638199,2
157653323,2
157838888,2
157855335,2
157855979,2
157856400,2
157856415,2
157860539,2
157864782,2
157864786,2
157865531,2
157867980,2
157884960,2
157908358,2
157929208,2
157930723,2
157966645,2
157976172,2
157995493,2
157995799,2
158222858,2
158269123,2
158269459,2
158269462,2
158269469,2
158269480,2
158269481,2
158277527,2
158277669,2
158280850,2
158337697,2
158337784,2
158360758,2
158360779,2
158361294,2
158361339,2
158361554,2
158362119,2
158362959,2
158365409,2
158365908,2
158366067,2
158367221,2
158367826,2
158368167,2
158369508,2
158371756,2
158371767,2
158373268,2
158373282,2
158373293,2
158373296,2
158373311,2
158373337,2
158373606,2
158374219,2
158374239,2
158375075,2
158375088,2
158375402,2
158375408,2
158375988,2
158376400,2
158378208,2
158378210,2
158378325,2
158378328,2
158378337,2
158388402,2
158391028,2
158391785,2
158397925,2
158398005,2
158402512,2
158404015,2
158404057,2
158405236,2
158406298,2
158407939,2
158573558,2
158574276,2
158574304,2
158574309,2
158574498,2
158574506,2
158574521,2
158574901,2
158574917,2
158575003,2
158575145,2
158575163,2
158577155,2
158583653,2
158585890,2
158589464,2
158589499,2
158592508,2
158594124,2
158599828,2
158816890,2
159028474,2
159028476,2
159032608,2
159033509,2
159033510,2
159033522,2
159033526,2
159033864,2
159034545,2
159039040,2
159039422,2
159041022,2
159041217,2
159041245,2
159043651,2
159044411,2
159049871,2
159141256,2
159209006,2
159446405,2
159788486,2
159966577,2
159967188,2
160105308,2
160794607,2
161393791,1
161397347,1
161397569,2
161398548,1
161399330,1
161400021,1
161400964,2
161406701,1
161412045,1
161414170,2
161418188,2
161419973,2
161424042,1
161486159,2
161490270,2
162147759,2
162258255,2
162395844,2
162419259,2
162421885,1
162424040,2
162424200,1
162424247,2
162425208,2
162428632,2
162433829,2
162434060,2
162434525,2
162434599,2
162435482,1
162435684,2
162437519,1
162438319,1
162438330,2
162500985,2
162789184,2
162896859,2
163047206,2
163111740,2
163178977,2
163181801,2
163220740,2
163287839,2
163403633,2
163403634,2
163406178,2
164169065,2
164253290,2
164649961,2
164650348,2
164659365,2
164672372,2
164676899,2
164676983,2
164681084,2
164686466,2
164687671,2
164687757,2
164695065,2
164709792,2
164710454,2
164710455,2
164710543,2
164713969,2
164714573,2
164714577,2
164714657,2
164753015,2
164753018,2
164754320,2
164754558,2
164754574,2
164756189,2
164756190,2
164756191,2
164756195,2
164756207,2
164756212,2
164756219,2
164756222,2
164756224,2
164756227,2
164756229,2
164756230,2
164756231,2
164756236,2
164756237,2
164757817,2
164757818,2
164757821,2
164757822,2
164758029,2
164758031,2
164758033,2
164795847,2
164801474,2
164812762,2
164839927,2
164849067,2
164849071,2
164849083,2
164849578,2
164857952,2
164857971,2
164858029,2
164858033,2
164858197,2
164858248,2
164858710,2
164862487,2
164877489,2
164879629,2
164882344,2
164885071,2
164894136,2
164897012,2
164899719,2
164905484,2
164905487,2
164920594,2
164946541,2
164949646,2
164982939,2
165400002,2
166327344,2
167586018,2
168235520,2
168661811,2
169360875,2
169360877,2
170455058,2
170455064,2
170773113,2
170913500,2
171180032,2
171521584,2
171533940,2
171980295,2
172173383,2
172534038,2
173222908,2
173302585,2
173567448,2
173664982,2
173754103,1
173957578,2
174257020,2
174257021,2
174776383,2
174906625,2
175057040,2
175662507,2
176542167,2
177966468,2
178061036,2
178163570,2
178612336,2
178991272,2
179994406,2
180098540,2
180098541,2
180297331,2
180939319,2
180939321,2
181152908,2
181166458,2
181178950,2
181189087,2
181202361,2
181202368,2
181203538,2
181210107,2
181320779,2
181327301,2
181510819,2
181605844,2
181883690,2
181972318,2
181978358,2
181979460,2
181979463,2
181980967,2
181981290,2
181981305,2
181981518,2
181982550,2
181982571,2
181982828,2
181982846,2
181983550,1
181983566,2
181983870,2
181984853,2
181985624,2
181988315,2
181988804,2
181988893,2
181988914,2
181990740,2
181994695,2
181995828,2
181997193,2
181998588,2
182000101,2
182000112,2
182000469,2
182000683,1
182002419,2
182002736,2
182002742,2
182003162,2
183288709,2
184107503,2
184121536,2
184258756,2
184411659,2
186179334,2
186369913,2
186596922,2
188618549,2
188632772,2
188918286,2
188961759,2
189092898,2
189092998,2
189132901,2
189154265,2
189189087,2
189241730,2
189680558,2
189702177,1
189713241,2
189727565,2
189739182,2
189777417,2
189778396,2
189807102,2
190135471,1
191691627,2
191863943,2
191870464,2
192139265,2
192718359,2
192839947,2
193978718,2
194015927,2
194018582,2
194027152,2
194027717,1
194027724,2
194030265,2
194052845,2
194064392,2
194064396,2
194064667,2
194064677,2
194071359,2
194089472,2
194320795,2
194323477,2
194331865,2
194332599,2
194333181,2
194333523,2
194333604,2
194334173,2
194334187,2
194334301,2
194334585,2
194334621,2
194335254,2
194336486,2
194337658,2
194338137,2
194341512,2
194341864,2
194342201,2
194342266,2
194343386,2
194343641,2
194343771,2
194343789,2
194343808,2
194343823,2
194344401,2
194347223,2
194375596,2
194375616,2
194376081,2
194376117,2
194376455,2
194376485,2
194376506,2
194762319,2
195419435,2
195419474,2
195419479,2
195419512,2
195419583,2
195419589,2
195419596,2
195419599,2
195419623,2
195419629,2
195419665,2
195419750,2
195419751,2
195420415,2
195420417,2
195421119,2
195421132,2
195421134,2
195421707,2
195421718,2
195422450,2
195426635,2
195426636,2
195426637,2
195426929,2
195426930,2
195428168,2
195428306,2
195428309,2
195428311,2
195428317,2
195428900,2
195428902,2
195429518,2
195429521,2
195429583,2
195429584,2
195429588,2
195429817,2
195429883,2
195429885,2
195436530,2
195436739,2
195436746,2
195436934,2
195437272,2
195437280,2
195437286,2
195437297,2
195437318,2
195437322,2
195437391,2
195437423,2
195438424,2
195439221,2
195440365,2
195440366,2
195440367,2
195440415,2
195440419,2
195440515,2
195440736,2
195440756,2
195440807,2
195440862,2
195440903,2
195441679,2
195441763,2
195452151,2
195452570,2
195490427,2
195498014,2
195498457,2
195503362,2
195543834,2
195545082,2
195569080,2
195569888,2
195576681,2
195576683,2
195583664,2
195648047,2
195654304,2
195654305,2
195777697,2
195784816,2
195971645,2
195998740,2
196088629,2
196089283,2
196089385,2
196089710,2
196089787,2
196089923,2
196089959,2
196090350,2
196090511,2
196090624,2
196090876,2
196091211,2
196091433,2
196091565,2
196091571,2
196092403,2
196092691,2
196094555,2
196104081,2
196104258,2
196104318,2
196104686,2
196105090,2
196105093,2
196105115,2
196105139,2
196105263,2
196105355,2
196105554,2
196105600,2
196105613,2
196105891,2
196106160,2
196107057,2
196107869,2
196115726,2
196122645,2
196255569,2
196255607,2
196255811,2
196255846,2
196255892,2
196255930,2
196256088,2
196257183,2
196257230,2
196257549,2
196257703,2
196257743,2
196257764,2
196260600,2
196269119,2
197655358,2
198749721,2
198749732,2
198751613,2
198759651,2
198763958,2
198766843,2
198777856,2
198787816,2
198787819,2
198789626,2
198789634,2
198789956,2
198791026,2
198791041,2
198791666,2
198791681,2
198791804,2
198791989,2
198792214,2
198792215,2
198793586,2
198793589,2
198793594,2
198799339,2
198800166,2
198800691,2
198800988,2
198801313,2
198801599,2
198801683,2
198801841,2
198802021,2
198802582,2
198802733,2
198802739,2
198803096,2
198803598,2
198803599,2
198803626,2
198805681,2
198805853,2
198805855,2
198810823,2
198810833,2
198810834,2
198810836,2
198811356,2
198812380,2
198814103,2
198814108,2
198814117,2
198814120,2
198827173,2
198827545,2
198828632,2
198829043,2
198851715,2
198851848,2
198855413,2
199305906,2
199312098,2
199314572,2
199321359,2
199321378,2
199321380,2
199321554,2
199321565,2
199321574,2
199322846,2
199323884,2
199362648,2
199365528,2
199404537,2
199404540,2
199408076,2
199932860,2
199934365,2
199935124,2
199937366,2
199937804,2
199938132,2
199938565,2
199940244,2
199940269,2
199941533,2
199941804,2
199942007,2
199942854,2
199942855,1
199942869,2
199942876,2
199944363,2
199944366,2
199944374,2
199944376,2
199945050,2
199945121,2
199946705,2
199947498,2
199948988,2
199950597,2
199951045,2
199955006,2
199956760,2
199958894,2
199959457,2
199967131,2
199979709,1
199979754,2
199987555,2
199988989,2
199989335,2
199992494,2
200005376,2
200017681,2
200020510,2
200022074,2
200023179,2
200024875,2
200025279,2
200032635,2
200032992,2
200032993,2
200043601,2
200046204,2
200047753,2
200048385,2
200048398,2
200048728,2
200049384,2
200050566,2
200051516,2
200052146,2
200052323,2
200052857,2
200057744,2
200059005,2
200059007,2
200061043,2
200061851,2
200062477,2
200062510,2
200064568,2
200439780,2
200445863,2
200446402,2
200456866,2
200457256,2
200458469,2
200459281,2
200459331,2
200464814,2
200470103,2
200470127,2
200470656,2
200470900,2
200476030,2
200484816,2
200489567,2
200498737,2
200499666,2
200505755,1
200505759,1
200505775,2
200507615,2
200508991,2
200517143,2
200518105,2
200521999,2
200523049,2
200532514,2
200544004,2
200544024,2
200544034,2
200544793,2
200545151,2
200565606,2
200565611,2
200565615,2
200565617,2
200565624,2
200565627,2
200568200,2
200569927,2
200575744,2
200576139,2
200583424,2
200593594,2
200595877,2
200595885,2
200596723,2
200596727,2
200597835,1
200601473,2
200608590,2
200613731,2
200617038,2
200617681,2
200618246,2
200618249,2
200620183,2
200620377,2
200620419,2
200620490,2
200620701,2
200620737,2
200621643,2
200621644,2
200621661,2
200621676,2
200621686,2
200621998,2
200622136,2
200623366,2
200623452,2
200623470,2
200624336,2
200624455,2
200624971,2
200625122,2
200625438,2
200625442,2
200625825,2
200625847,2
200625854,2
200625918,2
200627453,2
200627914,2
200628383,2
200628452,2
200629170,2
200629302,2
200629304,2
200629551,2
200631491,2
200631542,2
200632121,2
200632286,2
200633985,2
200634059,2
200634410,2
200634668,2
200634789,2
200634801,2
200635038,2
200635469,2
200635499,2
200635514,2
200635931,2
200635935,2
200636236,2
200636740,2
200636760,2
200636763,2
200636768,2
200636788,2
200636790,2
200636970,2
200637376,2
200637623,2
200637638,2
200637644,2
200637657,2
200637782,2
200637988,2
200638608,2
200638622,2
200638629,2
200638732,2
200638759,2
200639284,2
200639293,2
200639301,2
200639306,2
200647127,2
200649629,2
200650649,2
200650652,2
200653397,2
200653992,2
200654768,2
200656543,2
200656553,2
200657616,2
200657617,2
200657635,2
200657637,2
200657649,2
200668488,2
200670032,2
200671734,2
200675377,2
200679030,2
200680523,2
200680529,2
200683436,2
200699911,2
200701406,2
200701769,2
200701898,1
200711159,2
200718750,1
200725884,2
200726247,2
200726913,2
200732641,1
200738264,1
200739618,2
200739625,2
200742133,2
200748600,2
200748602,2
200757149,2
200757155,2
200758287,2
200759308,1
200759315,1
200759319,2
200774465,2
200774471,2
200950000,2
200950004,2
200960497,2
200960522,2
200961472,2
200963552,2
200963581,2
200963589,2
200964878,2
200966625,2
200967006,2
200967011,2
200967215,2
200967961,2
200967969,2
200969594,2
200969687,2
200970408,2
200970411,2
200970414,2
200970594,2
200970629,2
200970830,2
200971020,2
200973062,2
200973088,2
200973495,2
200973551,2
200973560,2
200973871,2
200974374,2
200974757,2
200974803,2
200975823,2
200975838,2
200976649,2
200976652,2
200976671,2
200977588,2
200978413,2
200978441,2
200978491,2
200978865,2
200979248,2
200979643,2
200979648,2
200979654,2
200981216,2
200981699,2
200982516,2
200982528,2
200983939,2
200984871,2
200984879,2
200985088,2
200987571,2
200990304,2
200992452,2
200993368,2
200993389,2
200993832,2
200996856,2
200997195,2
200997199,2
201000368,2
201002440,2
201002448,2
201002456,2
201002459,2
201002580,2
201002586,2
201002875,2
201002883,2
201003677,2
201003678,2
201003681,2
201003685,2
201003687,2
201003689,2
201003706,2
201003711,2
201003726,2
201003735,2
201003748,2
201003757,2
201003765,2
201004046,2
201006731,2
201007133,2
201007910,2
201007915,2
201007941,2
201008310,2
201008323,2
201008326,2
201008328,2
201008614,2
201008700,2
201054667,2
201065557,2
201419733,2
201432023,2
201433819,2
201436329,2
201449662,2
201449665,2
201452245,2
201456554,2
201468723,2
201494647,2
201749887,2
201942372,2
201998234,2
202010503,2
202039596,2
202093981,2
202510861,1
202510866,1
202546669,2
202552696,1
202553626,2
202631323,2
202721511,2
202828590,1
202828595,1
202838791,2
202840409,2
202846602,2
202878199,1
202932695,2
202936901,2
203177072,2
203802251,1
204431163,2
204918142,1
205337466,2
206376233,2
206378921,2
206462722,2
207037694,2
207061251,2
207362772,2
207363644,2
207727189,2
207926824,2
207951676,2
207956674,2
207961196,2
208003277,2
208006569,2
208007181,2
208041590,2
208130329,2
209179808,2
210019069,2
212417056,2
212500432,2
212722108,2
212739621,2
212756739,2
213127158,2
213127175,2
213726951,2
213767301,2
214413398,2
215052636,2
215860446,2
216354897,2
216518429,2
216521282,2
216521291,2
216521504,2
216521847,2
216523168,2
216523765,2
216526565,2
216549134,2
216559778,2
216559780,2
216559781,2
216559783,2
216559788,2
216559791,2
216559792,2
216559794,2
216559809,2
216562926,2
216562928,2
216563621,2
216568516,2
216568517,2
216568518,2
216572145,2
216572650,2
216573014,2
216578762,2
216807497,2
216812226,2
216813441,2
217583370,2
217605290,2
217610708,2
217614129,1
217630336,2
217633500,1
217655635,2
217661179,2
217663350,2
217678280,2
217701123,2
218011087,2
218011208,2
218011322,2
218011762,2
218011771,2
218015597,2
218015604,2
218016024,2
218016770,2
218016806,2
218016819,2
218021673,2
218022450,2
218023183,2
218023850,2
218023867,2
218025376,2
218028684,2
218028873,2
218029198,2
218031021,2
218031494,2
218031926,2
218032449,2
218032639,2
218032920,2
218033063,2
218033571,2
218035272,2
218035934,2
218039532,2
218039695,2
218039702,2
218039707,2
218039927,2
218039931,2
218039936,2
218040017,2
218040068,2
218040123,2
218043862,2
218045663,2
218047016,2
218047554,2
218047748,2
218047757,2
218047781,2
218051244,2
218051282,2
218051628,2
218053350,2
218053488,2
218053492,2
218053497,2
218053505,2
218053511,2
218058339,2
218061421,2
218061465,2
218062869,2
218062887,2
218062893,2
218064695,2
218064707,2
218065115,2
218066217,2
218068135,2
218068208,2
218068433,2
218068854,2
218069948,2
218071878,2
218072598,2
218073111,2
218073389,2
218073419,2
218073424,2
218073427,2
218073432,2
218073440,2
218073784,2
218075700,2
218075956,2
218077113,2
218079391,2
218079405,2
218079641,2
218080593,2
218080601,2
218080978,2
218080986,2
218086718,2
218089074,2
218089235,2
218089321,2
218089571,2
218090483,2
218091566,2
218091572,2
218091573,2
218091577,2
218091648,2
218094616,2
218094668,2
218096291,2
218099154,2
218099491,2
218100966,2
218103291,2
218116829,2
218116989,2
218117022,2
218117899,2
218121514,2
218121518,2
218121627,2
218122248,2
218122643,2
218124060,2
218124798,2
218124812,2
218125499,2
218125812,2
218127603,2
218128373,2
218128783,2
218130196,2
218131048,2
218131051,2
218133812,2
218133814,2
218135117,2
218135731,2
218135759,2
218136481,2
218136485,2
218139542,2
218142114,2
218143490,2
218143502,2
218145212,2
218146157,2
218147946,2
218148723,2
218149291,2
218151235,2
218151306,2
218153088,2
218153089,2
218156731,2
218156765,2
218166682,2
218217012,2
218263226,2
218263504,2
218266528,2
218266530,2
218266535,2
218266540,2
218266550,2
218266551,2
218266556,2
218271078,2
218274123,2
218274306,2
218274801,2
218275067,2
218275113,2
218275121,2
218275223,2
218275609,2
218276200,2
218277365,2
218277979,2
218279669,2
218280167,2
218281869,2
218283396,2
218283405,2
218283428,2
218283429,2
218283765,2
218283770,2
218283788,2
218283791,2
218283795,2
218284846,2
218284856,2
218285334,2
218285493,2
218285993,2
218285997,2
218286004,2
218286173,2
218287846,2
218287878,2
218292796,2
218292869,2
218292978,2
218292990,2
218293508,2
218293510,2
218293515,2
218293647,2
218295891,2
218297456,2
218298082,2
218298206,2
218298228,2
218298231,2
218304927,2
218305782,2
218305785,2
218306836,2
218306861,2
218306920,2
218306958,2
218306960,2
218306975,2
218306977,2
218307592,2
218307597,2
218307600,2
218307607,2
218307769,2
218307785,2
218307883,2
218307884,2
218307902,2
218308144,2
218308146,2
218308519,2
218308521,2
218309437,2
218310568,2
218312399,2
218314019,2
218314022,2
218314421,2
218314448,2
218314801,2
218314810,2
218395925,2
218395928,2
218396032,2
218396254,2
218398208,2
218398211,2
218398224,2
218399031,2
218399034,2
218399064,2
218400093,2
218400096,2
218400097,2
218400309,2
218400313,2
218414030,2
218423469,2
218434683,2
218445832,2
218468518,2
218477656,2
218477668,2
218488643,2
218550123,2
218554996,2
218556062,2
218556959,2
218559028,2
218570639,2
218570980,2
218573173,2
218573305,2
218573519,2
218574366,2
218576320,2
218658092,2
218661503,2
218680191,2
218680433,2
218687876,2
218690991,2
218745506,2
218957364,2
218978318,2
218988495,2
219159262,2
219371979,2
219383124,2
219383192,2
219384809,2
219384820,2
219384893,2
219384896,2
219394265,2
219394523,2
219394966,2
219396923,2
219396979,2
219397720,2
219397937,2
219398576,2
219403068,2
219403410,2
219409913,2
219413640,2
219414384,2
219414636,2
219414645,2
219414648,2
219415306,2
219415322,2
219415325,2
219415330,2
219422495,2
219424473,2
219424475,2
219425081,2
219428772,2
219428783,2
219428788,2
219429100,2
219541285,2
219541756,2
219541823,2
219541996,2
219542349,2
219542384,2
219542405,2
219542887,2
219543494,2
219543500,2
219543504,2
219543633,2
219543654,2
219543918,2
219543921,2
219543922,2
219544001,2
219544003,2
219548645,2
219551547,1
219553260,2
219555904,2
219557083,2
219565903,2
219565918,2
219565927,2
219565930,2
219565935,2
219566729,2
219600551,2
219605774,2
219623378,2
219679807,2
219688185,2
219713463,2
219752672,2
219764897,2
219850349,2
219918390,2
219924596,2
219940486,2
227122956,2
238457456,2
259974893,2
260380323,2
261279960,2
261379273,2
261381528,2
261461040,2
261461741,2
261465111,2
261465230,2
261469380,2
261625437,2
261625895,2
261629017,2
261635589,2
